DrugBank ID,Name,CAS Number,Drug Groups,InChIKey,InChI,SMILES,Formula,KEGG Compound ID,KEGG Drug ID,PubChem Compound ID,PubChem Substance ID,ChEBI ID,ChEMBL ID,HET ID,ChemSpider ID,BindingDB ID
DB00182,Amphetamine,300-62-9,approved; illicit; investigational,KWTSXDURSIMDCE-UHFFFAOYSA-N,"InChI=1S/C9H13N/c1-8(10)7-9-5-3-2-4-6-9/h2-6,8H,7,10H2,1H3",CC(N)CC1=CC=CC=C1,C9H13N,C07514,D07445,3007,46506414,132233,CHEMBL405,,13852819,50005246
DB00189,Ethchlorvynol,113-18-8,approved; illicit; withdrawn,ZEHYJZXQEQOSON-AATRIKPKSA-N,"InChI=1S/C7H9ClO/c1-3-7(9,4-2)5-6-8/h1,5-6,9H,4H2,2H3/b6-5+",[H]C(Cl)=CC(O)(CC)C#C,C7H9ClO,C07833,D00704,5281077,46505006,4882,CHEMBL591,,4444534,
DB00191,Phentermine,122-09-8,approved; illicit,DHHVAGZRUROJKS-UHFFFAOYSA-N,"InChI=1S/C10H15N/c1-10(2,11)8-9-6-4-3-5-7-9/h3-7H,8,11H2,1-2H3",CC(C)(N)CC1=CC=CC=C1,C10H15N,C07438,D05458,4771,46508515,8080,CHEMBL1574,,4607,50246598
DB00230,Pregabalin,148553-50-8,approved; illicit; investigational,AYXYPKUFHZROOJ-ZETCQYMHSA-N,"InChI=1S/C8H17NO2/c1-6(2)3-7(5-9)4-8(10)11/h6-7H,3-5,9H2,1-2H3,(H,10,11)/t7-/m0/s1",CC(C)C[C@H](CN)CC(O)=O,C8H17NO2,,D02716,5486971,46504934,64356,CHEMBL1059,,4589156,50164279
DB00237,Butabarbital,125-40-6,approved; illicit,ZRIHAIZYIMGOAB-UHFFFAOYSA-N,"InChI=1S/C10H16N2O3/c1-4-6(3)10(5-2)7(13)11-9(15)12-8(10)14/h6H,4-5H2,1-3H3,(H2,11,12,13,14,15)",CCC(C)C1(CC)C(=O)NC(=O)NC1=O,C10H16N2O3,C07827,D03180,2479,46505051,3228,CHEMBL449,,2385,
DB00241,Butalbital,77-26-9,approved; illicit,UZVHFVZFNXBMQJ-UHFFFAOYSA-N,"InChI=1S/C11H16N2O3/c1-4-5-11(6-7(2)3)8(14)12-10(16)13-9(11)15/h4,7H,1,5-6H2,2-3H3,(H2,12,13,14,15,16)",CC(C)CC1(CC=C)C(=O)NC(=O)NC1=O,C11H16N2O3,,,2481,46505876,102524,CHEMBL454,,2387,
DB00306,Talbutal,115-44-6,approved; illicit,BJVVMKUXKQHWJK-UHFFFAOYSA-N,"InChI=1S/C11H16N2O3/c1-4-6-11(7(3)5-2)8(14)12-10(16)13-9(11)15/h4,7H,1,5-6H2,2-3H3,(H2,12,13,14,15,16)",CCC(C)C1(CC=C)C(=O)NC(=O)NC1=O,C11H16N2O3,,D06887,8275,46507821,134923,CHEMBL1200802,,7976,
DB00318,Codeine,76-57-3,approved; illicit,OROGSEYTTFOCAN-DNJOTXNNSA-N,"InChI=1S/C18H21NO3/c1-19-8-7-18-11-4-5-13(20)17(18)22-16-14(21-2)6-3-10(15(16)18)9-12(11)19/h3-6,11-13,17,20H,7-9H2,1-2H3/t11-,12+,13-,17-,18-/m0/s1",[H][C@@]12OC3=C(OC)C=CC4=C3[C@@]11CCN(C)[C@]([H])(C4)[C@]1([H])C=C[C@@H]2O,C18H21NO3,C06174,D03580,5284371,46507764,16714,CHEMBL485,,4447447,50105098
DB00327,Hydromorphone,466-99-9,approved; illicit,WVLOADHCBXTIJK-YNHQPCIGSA-N,"InChI=1S/C17H19NO3/c1-18-7-6-17-10-3-5-13(20)16(17)21-15-12(19)4-2-9(14(15)17)8-11(10)18/h2,4,10-11,16,19H,3,5-8H2,1H3/t10-,11+,16-,17-/m0/s1",[H][C@@]12OC3=C(O)C=CC4=C3[C@@]11CCN(C)[C@]([H])(C4)[C@]1([H])CCC2=O,C17H19NO3,C07042,,5284570,46508700,5790,CHEMBL398707,,4447624,50241341
DB00349,Clobazam,22316-47-8,approved; illicit,CXOXHMZGEKVPMT-UHFFFAOYSA-N,"InChI=1S/C16H13ClN2O2/c1-18-13-8-7-11(17)9-14(13)19(16(21)10-15(18)20)12-5-3-2-4-6-12/h2-9H,10H2,1H3",CN1C2=C(C=C(Cl)C=C2)N(C2=CC=CC=C2)C(=O)CC1=O,C16H13ClN2O2,,D01253,2789,46506115,31413,CHEMBL70418,,2687,
DB00371,Meprobamate,57-53-4,approved; illicit,NPPQSCRMBWNHMW-UHFFFAOYSA-N,"InChI=1S/C9H18N2O4/c1-3-4-9(2,5-14-7(10)12)6-15-8(11)13/h3-6H2,1-2H3,(H2,10,12)(H2,11,13)",CCCC(C)(COC(N)=O)COC(N)=O,C9H18N2O4,,D00376,4064,46508142,6761,CHEMBL979,,3924,
DB00404,Alprazolam,28981-97-7,approved; illicit; investigational,VREFGVBLTWBCJP-UHFFFAOYSA-N,"InChI=1S/C17H13ClN4/c1-11-20-21-16-10-19-17(12-5-3-2-4-6-12)14-9-13(18)7-8-15(14)22(11)16/h2-9H,10H2,1H3",CC1=NN=C2CN=C(C3=CC=CC=C3)C3=C(C=CC(Cl)=C3)N12,C17H13ClN4,C06817,D00225,2118,46507078,2611,CHEMBL661,08H,2034,50001728
DB00470,Dronabinol,1972-08-3,approved; illicit,CYQFCXCEBYINGO-IAGOWNOFSA-N,"InChI=1S/C21H30O2/c1-5-6-7-8-15-12-18(22)20-16-11-14(2)9-10-17(16)21(3,4)23-19(20)13-15/h11-13,16-17,22H,5-10H2,1-4H3/t16-,17-/m1/s1",[H][C@@]12C=C(C)CC[C@@]1([H])C(C)(C)OC1=C2C(O)=CC(CCCCC)=C1,C21H30O2,C06972,D00306,16078,46508472,66964,CHEMBL465,TCI,15266,50007391
DB00475,Chlordiazepoxide,58-25-3,approved; illicit; investigational,ANTSCNMPPGJYLG-UHFFFAOYSA-N,"InChI=1S/C16H14ClN3O/c1-18-15-10-20(21)16(11-5-3-2-4-6-11)13-9-12(17)7-8-14(13)19-15/h2-9H,10H2,1H3,(H,18,19)",CNC1=NC2=C(C=C(Cl)C=C2)C(C2=CC=CC=C2)=[N+]([O-])C1,C16H14ClN3O,,D00267,2712,46505044,3611,CHEMBL451,,10248513,50007664
DB00497,Oxycodone,76-42-6,approved; illicit; investigational,BRUQQQPBMZOVGD-XFKAJCMBSA-N,"InChI=1S/C18H21NO4/c1-19-8-7-17-14-10-3-4-12(22-2)15(14)23-16(17)11(20)5-6-18(17,21)13(19)9-10/h3-4,13,16,21H,5-9H2,1-2H3/t13-,16+,17+,18-/m1/s1",[H][C@@]12OC3=C(OC)C=CC4=C3[C@@]11CCN(C)[C@]([H])(C4)[C@]1(O)CCC2=O,C18H21NO4,C08018,D05312,5284603,46508908,7852,CHEMBL656,,4447649,50370595
DB00574,Fenfluramine,458-24-2,approved; illicit; investigational; withdrawn,DBGIVFWFUFKIQN-UHFFFAOYSA-N,"InChI=1S/C12H16F3N/c1-3-16-9(2)7-10-5-4-6-11(8-10)12(13,14)15/h4-6,8-9,16H,3,7H2,1-2H3",CCNC(C)CC1=CC(=CC=C1)C(F)(F)F,C12H16F3N,C06996,,3337,46506096,5000,CHEMBL87493,,3220,84738
DB00611,Butorphanol,42408-82-2,approved; illicit; vet_approved,IFKLAQQSCNILHL-QHAWAJNXSA-N,"InChI=1S/C21H29NO2/c23-17-7-6-16-12-19-21(24)9-2-1-8-20(21,18(16)13-17)10-11-22(19)14-15-4-3-5-15/h6-7,13,15,19,23-24H,1-5,8-12,14H2/t19-,20+,21-/m1/s1",[H][C@@]12CC3=C(C=C(O)C=C3)[C@]3(CCCC[C@@]13O)CCN2CC1CCC1,C21H29NO2,C06863,D00837,6916249,46507553,3242,CHEMBL33986,,16735714,50240437
DB00628,Clorazepate,23887-31-2,approved; illicit,XDDJGVMJFWAHJX-UHFFFAOYSA-N,"InChI=1S/C16H11ClN2O3/c17-10-6-7-12-11(8-10)13(9-4-2-1-3-5-9)19-14(16(21)22)15(20)18-12/h1-8,14H,(H,18,20)(H,21,22)",OC(=O)C1N=C(C2=CC=CC=C2)C2=C(NC1=O)C=CC(Cl)=C2,C16H11ClN2O3,C06921,D00694,2809,46506595,3761,CHEMBL1213252,,2707,
DB00647,Dextropropoxyphene,469-62-5,approved; illicit; investigational; withdrawn,XLMALTXPSGQGBX-GCJKJVERSA-N,"InChI=1S/C22H29NO2/c1-5-21(24)25-22(18(2)17-23(3)4,20-14-10-7-11-15-20)16-19-12-8-6-9-13-19/h6-15,18H,5,16-17H2,1-4H3/t18-,22+/m1/s1",CCC(=O)O[C@@](CC1=CC=CC=C1)([C@H](C)CN(C)C)C1=CC=CC=C1,C22H29NO2,C07406,D07809,10100,46506690,51173,CHEMBL1213351,,9696,82269
DB00683,Midazolam,59467-70-8,approved; illicit,DDLIGBOFAVUZHB-UHFFFAOYSA-N,"InChI=1S/C18H13ClFN3/c1-11-21-9-13-10-22-18(14-4-2-3-5-16(14)20)15-8-12(19)6-7-17(15)23(11)13/h2-9H,10H2,1H3",CC1=NC=C2CN=C(C3=CC=CC=C3F)C3=C(C=CC(Cl)=C3)N12,C18H13ClFN3,C07524,D00550,4192,46507611,6931,CHEMBL655,08J,4047,21363
DB00690,Flurazepam,17617-23-1,approved; illicit; investigational,SAADBVWGJQAEFS-UHFFFAOYSA-N,"InChI=1S/C21H23ClFN3O/c1-3-25(4-2)11-12-26-19-10-9-15(22)13-17(19)21(24-14-20(26)27)16-7-5-6-8-18(16)23/h5-10,13H,3-4,11-12,14H2,1-2H3",CCN(CC)CCN1C2=C(C=C(Cl)C=C2)C(=NCC1=O)C1=CC=CC=C1F,C21H23ClFN3O,,D00329,3393,46508451,5128,CHEMBL968,FL7,3276,
DB00801,Halazepam,23092-17-3,approved; illicit; withdrawn,WYCLKVQLVUQKNZ-UHFFFAOYSA-N,"InChI=1S/C17H12ClF3N2O/c18-12-6-7-14-13(8-12)16(11-4-2-1-3-5-11)22-9-15(24)23(14)10-17(19,20)21/h1-8H,9-10H2",FC(F)(F)CN1C2=C(C=C(Cl)C=C2)C(=NCC1=O)C1=CC=CC=C1,C17H12ClF3N2O,,D00338,31640,46508415,5603,CHEMBL970,,29343,50408018
DB00802,Alfentanil,71195-58-9,approved; illicit,IDBPHNDTYPBSNI-UHFFFAOYSA-N,"InChI=1S/C21H32N6O3/c1-4-19(28)27(18-9-7-6-8-10-18)21(17-30-3)11-13-24(14-12-21)15-16-26-20(29)25(5-2)22-23-26/h6-10H,4-5,11-17H2,1-3H3",CCN1N=NN(CCN2CCC(COC)(CC2)N(C(=O)CC)C2=CC=CC=C2)C1=O,C21H32N6O3,C08005,,51263,46505618,2569,CHEMBL634,,46451,83450
DB00813,Fentanyl,437-38-7,approved; illicit; investigational; vet_approved,PJMPHNIQZUBGLI-UHFFFAOYSA-N,"InChI=1S/C22H28N2O/c1-2-22(25)24(20-11-7-4-8-12-20)21-14-17-23(18-15-21)16-13-19-9-5-3-6-10-19/h3-12,21H,2,13-18H2,1H3",CCC(=O)N(C1CCN(CCC2=CC=CC=C2)CC1)C1=CC=CC=C1,C22H28N2O,,D00320,3345,46506372,119915,CHEMBL596,7V7,3228,50008984
DB00829,Diazepam,439-14-5,approved; illicit; investigational; vet_approved,AAOVKJBEBIDNHE-UHFFFAOYSA-N,"InChI=1S/C16H13ClN2O/c1-19-14-8-7-12(17)9-13(14)16(18-10-15(19)20)11-5-3-2-4-6-11/h2-9H,10H2,1H3",CN1C2=C(C=C(Cl)C=C2)C(=NCC1=O)C1=CC=CC=C1,C16H13ClN2O,C06948,D00293,3016,46505210,49575,CHEMBL12,DZP,2908,50000766
DB00830,Phenmetrazine,134-49-6,approved; illicit,OOBHFESNSZDWIU-UHFFFAOYSA-N,"InChI=1S/C11H15NO/c1-9-11(13-8-7-12-9)10-5-3-2-4-6-10/h2-6,9,11-12H,7-8H2,1H3",CC1NCCOC1C1=CC=CC=C1,C11H15NO,C07432,,4762,46504524,8067,CHEMBL1201208,,4598,
DB00858,Drostanolone,58-19-5,approved; illicit,IKXILDNPCZPPRV-RFMGOVQKSA-N,"InChI=1S/C20H32O2/c1-12-11-20(3)13(10-17(12)21)4-5-14-15-6-7-18(22)19(15,2)9-8-16(14)20/h12-16,18,22H,4-11H2,1-3H3/t12-,13+,14+,15+,16+,18+,19+,20+/m1/s1",[H][C@@]12CC[C@H](O)[C@@]1(C)CC[C@@]1([H])[C@@]2([H])CC[C@@]2([H])CC(=O)[C@H](C)C[C@]12C,C20H32O2,C14605,,6011,46508724,34838,CHEMBL1582,,5789,
DB00865,Benzphetamine,156-08-1,approved; illicit,YXKTVDFXDRQTKV-HNNXBMFYSA-N,"InChI=1S/C17H21N/c1-15(13-16-9-5-3-6-10-16)18(2)14-17-11-7-4-8-12-17/h3-12,15H,13-14H2,1-2H3/t15-/m0/s1",C[C@@H](CC1=CC=CC=C1)N(C)CC1=CC=CC=C1,C17H21N,C07538,,5311017,46506102,3044,CHEMBL3545985,,4470556,
DB00907,Cocaine,50-36-2,approved; illicit,ZPUCINDJVBIVPJ-LJISPDSOSA-N,"InChI=1S/C17H21NO4/c1-18-12-8-9-13(18)15(17(20)21-2)14(10-12)22-16(19)11-6-4-3-5-7-11/h3-7,12-15H,8-10H2,1-2H3/t12-,13+,14-,15+/m0/s1",[H][C@]12CC[C@]([H])([C@H]([C@H](C1)OC(=O)C1=CC=CC=C1)C(=O)OC)N2C,C17H21NO4,C01416,D00110,446220,46506326,27958,CHEMBL370805,COC,10194104,22418
DB00913,Anileridine,144-14-9,approved; illicit,LKYQLAWMNBFNJT-UHFFFAOYSA-N,"InChI=1S/C22H28N2O2/c1-2-26-21(25)22(19-6-4-3-5-7-19)13-16-24(17-14-22)15-12-18-8-10-20(23)11-9-18/h3-11H,2,12-17,23H2,1H3",CCOC(=O)C1(CCN(CCC2=CC=C(N)C=C2)CC1)C1=CC=CC=C1,C22H28N2O2,,,8944,46505199,61203,CHEMBL1201347,,8600,
DB00921,Buprenorphine,52485-79-7,approved; illicit; investigational; vet_approved,RMRJXGBAOAMLHD-IHFGGWKQSA-N,"InChI=1S/C29H41NO4/c1-25(2,3)26(4,32)20-15-27-10-11-29(20,33-5)24-28(27)12-13-30(16-17-6-7-17)21(27)14-18-8-9-19(31)23(34-24)22(18)28/h8-9,17,20-21,24,31-32H,6-7,10-16H2,1-5H3/t20-,21-,24-,26+,27-,28+,29-/m1/s1",CO[C@]12CC[C@@]3(C[C@@H]1[C@](C)(O)C(C)(C)C)[C@H]1CC4=C5C(O[C@@H]2[C@@]35CCN1CC1CC1)=C(O)C=C4,C29H41NO4,C08007,D07132,644073,46505782,3216,CHEMBL560511,,559124,
DB00937,Diethylpropion,90-84-6,approved; illicit,XXEPPPIWZFICOJ-UHFFFAOYSA-N,"InChI=1S/C13H19NO/c1-4-14(5-2)11(3)13(15)12-9-7-6-8-10-12/h6-11H,4-5H2,1-3H3",CCN(CC)C(C)C(=O)C1=CC=CC=C1,C13H19NO,C06954,,7029,46506622,4530,CHEMBL1194666,,6762,
DB00956,Hydrocodone,125-29-1,approved; illicit,LLPOLZWFYMWNKH-CMKMFDCUSA-N,"InChI=1S/C18H21NO3/c1-19-8-7-18-11-4-5-13(20)17(18)22-16-14(21-2)6-3-10(15(16)18)9-12(11)19/h3,6,11-12,17H,4-5,7-9H2,1-2H3/t11-,12+,17-,18-/m0/s1",[H][C@@]12OC3=C(OC)C=CC4=C3[C@@]11CCN(C)[C@]([H])(C4)[C@]1([H])CCC2=O,C18H21NO3,C08024,D08045,5284569,46506225,5779,CHEMBL1457,,4447623,50386689
DB00962,Zaleplon,151319-34-5,approved; illicit; investigational,HUNXMJYCHXQEGX-UHFFFAOYSA-N,"InChI=1S/C17H15N5O/c1-3-21(12(2)23)15-6-4-5-13(9-15)16-7-8-19-17-14(10-18)11-20-22(16)17/h4-9,11H,3H2,1-2H3",CCN(C(C)=O)C1=CC=CC(=C1)C1=CC=NC2=C(C=NN12)C#N,C17H15N5O,C07484,D00530,5719,46508267,10102,CHEMBL1521,,5517,86521
DB00984,Nandrolone phenpropionate,62-90-8,approved; illicit; investigational,UBWXUGDQUBIEIZ-QNTYDACNSA-N,"InChI=1S/C27H34O3/c1-27-16-15-22-21-11-9-20(28)17-19(21)8-10-23(22)24(27)12-13-25(27)30-26(29)14-7-18-5-3-2-4-6-18/h2-6,17,21-25H,7-16H2,1H3/t21-,22+,23+,24-,25-,27-/m0/s1",[H][C@@]12CC[C@H](OC(=O)CCC3=CC=CC=C3)[C@@]1(C)CC[C@]1([H])[C@@]3([H])CCC(=O)C=C3CC[C@@]21[H],C27H34O3,C08155,D00956,229455,46506276,7468,CHEMBL1200412,,199761,
DB01031,Ethinamate,126-52-3,approved; illicit; withdrawn,GXRZIMHKGDIBEW-UHFFFAOYSA-N,"InChI=1S/C9H13NO2/c1-2-9(12-8(10)11)6-4-3-5-7-9/h1H,3-7H2,(H2,10,11)",NC(=O)OC1(CCCCC1)C#C,C9H13NO2,C07832,D00703,3284,46507468,4884,CHEMBL1576,,3169,
DB01068,Clonazepam,1622-61-3,approved; illicit,DGBIGWXXNGSACT-UHFFFAOYSA-N,"InChI=1S/C15H10ClN3O3/c16-12-4-2-1-3-10(12)15-11-7-9(19(21)22)5-6-13(11)18-14(20)8-17-15/h1-7H,8H2,(H,18,20)",[O-][N+](=O)C1=CC2=C(NC(=O)CN=C2C2=CC=CC=C2Cl)C=C1,C15H10ClN3O3,,D00280,2802,46507677,3756,CHEMBL452,,2700,50019213
DB01081,Diphenoxylate,915-30-0,approved; illicit,HYPPXZBJBPSRLK-UHFFFAOYSA-N,"InChI=1S/C30H32N2O2/c1-2-34-28(33)29(25-12-6-3-7-13-25)18-21-32(22-19-29)23-20-30(24-31,26-14-8-4-9-15-26)27-16-10-5-11-17-27/h3-17H,2,18-23H2,1H3",CCOC(=O)C1(CCN(CCC(C#N)(C2=CC=CC=C2)C2=CC=CC=C2)CC1)C1=CC=CC=C1,C30H32N2O2,C07872,D00301,13505,46507130,4639,CHEMBL1201294,,12919,50401672
DB01105,Sibutramine,106650-56-0,approved; illicit; investigational; withdrawn,UNAANXDKBXWMLN-UHFFFAOYSA-N,"InChI=1S/C17H26ClN/c1-13(2)12-16(19(3)4)17(10-5-11-17)14-6-8-15(18)9-7-14/h6-9,13,16H,5,10-12H2,1-4H3",CC(C)CC(N(C)C)C1(CCC1)C1=CC=C(Cl)C=C1,C17H26ClN,C07247,D08513,5210,46507740,9137,CHEMBL1419,,5021,84742
DB01107,Methyprylon,125-64-4,approved; illicit; withdrawn,SIDLZWOQUZRBRU-UHFFFAOYSA-N,"InChI=1S/C10H17NO2/c1-4-10(5-2)8(12)7(3)6-11-9(10)13/h7H,4-6H2,1-3H3,(H,11,13)",CCC1(CC)C(=O)NCC(C)C1=O,C10H17NO2,,D01150,4162,46506891,31837,CHEMBL1200790,,4018,
DB01185,Fluoxymesterone,76-43-7,approved; illicit,YLRFCQOZQXIBAB-RBZZARIASA-N,"InChI=1S/C20H29FO3/c1-17-8-6-13(22)10-12(17)4-5-15-14-7-9-19(3,24)18(14,2)11-16(23)20(15,17)21/h10,14-16,23-24H,4-9,11H2,1-3H3/t14-,15-,16-,17-,18-,19-,20-/m0/s1",[H][C@@]12CC[C@](C)(O)[C@@]1(C)C[C@H](O)[C@@]1(F)[C@@]2([H])CCC2=CC(=O)CC[C@]12C,C20H29FO3,,D00327,6446,46508867,5120,CHEMBL1445,,6205,18189
DB01191,Dexfenfluramine,3239-44-9,approved; illicit; investigational; withdrawn,DBGIVFWFUFKIQN-VIFPVBQESA-N,"InChI=1S/C12H16F3N/c1-3-16-9(2)7-10-5-4-6-11(8-10)12(13,14)15/h4-6,8-9,16H,3,7H2,1-2H3/t9-/m0/s1",CCN[C@@H](C)CC1=CC=CC(=C1)C(F)(F)F,C12H16F3N,,D07805,66265,46508388,439329,CHEMBL248702,,59646,85596
DB01215,Estazolam,29975-16-4,approved; illicit,CDCHDCWJMGXXRH-UHFFFAOYSA-N,"InChI=1S/C16H11ClN4/c17-12-6-7-14-13(8-12)16(11-4-2-1-3-5-11)18-9-15-20-19-10-21(14)15/h1-8,10H,9H2",ClC1=CC2=C(C=C1)N1C=NN=C1CN=C2C1=CC=CC=C1,C16H11ClN4,C06981,D00311,3261,46507430,4858,CHEMBL285674,,3146,50240450
DB01230,Pemoline,2152-34-3,illicit; investigational; withdrawn,NRNCYVBFPDDJNE-UHFFFAOYSA-N,"InChI=1S/C9H8N2O2/c10-9-11-8(12)7(13-9)6-4-2-1-3-5-6/h1-5,7H,(H2,10,11,12)",NC1=NC(=O)C(O1)C1=CC=CC=C1,C9H8N2O2,C07899,D00744,4723,46509085,7953,CHEMBL1177,,4561,
DB01351,Amobarbital,57-43-2,approved; illicit,VIROVYVQCGLCII-UHFFFAOYSA-N,"InChI=1S/C11H18N2O3/c1-4-11(6-5-7(2)3)8(14)12-10(16)13-9(11)15/h7H,4-6H2,1-3H3,(H2,12,13,14,15,16)",CCC1(CCC(C)C)C(=O)NC(=O)NC1=O,C11H18N2O3,C07536,D00555,2164,46508165,2673,CHEMBL267894,,2079,
DB01352,Aprobarbital,77-02-1,approved; illicit,UORJNBVJVRLXMQ-UHFFFAOYSA-N,"InChI=1S/C10H14N2O3/c1-4-5-10(6(2)3)7(13)11-9(15)12-8(10)14/h4,6H,1,5H2,2-3H3,(H2,11,12,13,14,15)",CC(C)C1(CC=C)C(=O)NC(=O)NC1=O,C10H14N2O3,C07826,D00698,6464,46504558,2791,CHEMBL7863,,6221,
DB01353,Butethal,77-28-1,approved; illicit,STDBAQMTJLUMFW-UHFFFAOYSA-N,"InChI=1S/C10H16N2O3/c1-3-5-6-10(4-2)7(13)11-9(15)12-8(10)14/h3-6H2,1-2H3,(H2,11,12,13,14,15)",CCCCC1(CC)C(=O)NC(=O)NC1=O,C10H16N2O3,,D02618,6473,46508397,134884,CHEMBL404422,,6229,
DB01433,Methadyl Acetate,509-74-0,approved; illicit,XBMIVRRWGCYBTQ-UHFFFAOYSA-N,"InChI=1S/C23H31NO2/c1-6-22(26-19(3)25)23(17-18(2)24(4)5,20-13-9-7-10-14-20)21-15-11-8-12-16-21/h7-16,18,22H,6,17H2,1-5H3",CCC(OC(C)=O)C(CC(C)N(C)C)(C1=CC=CC=C1)C1=CC=CC=C1,C23H31NO2,,,10517,46505532,135491,CHEMBL170179,,10080,50027391
DB01434,19-norandrostenedione,734-32-7,experimental; illicit,JRIZOGLBRPZBLQ-QXUSFIETSA-N,"InChI=1S/C18H24O2/c1-18-9-8-14-13-5-3-12(19)10-11(13)2-4-15(14)16(18)6-7-17(18)20/h10,13-16H,2-9H2,1H3/t13-,14+,15+,16-,18-/m0/s1",[H][C@@]12CCC(=O)[C@@]1(C)CC[C@]1([H])[C@@]3([H])CCC(=O)C=C3CC[C@@]21[H],C18H24O2,C14500,,92834,46505377,34187,,,83803,
DB01437,Glutethimide,77-21-4,approved; illicit,JMBQKKAJIKAWKF-UHFFFAOYSA-N,"InChI=1S/C13H15NO2/c1-2-13(10-6-4-3-5-7-10)9-8-11(15)14-12(13)16/h3-7H,2,8-9H2,1H3,(H,14,15,16)",CCC1(CCC(=O)NC1=O)C1=CC=CC=C1,C13H15NO2,C07489,D00532,3487,46506283,5439,CHEMBL1102,,3367,
DB01439,3-Methylthiofentanyl,86052-04-2,experimental; illicit,SRARDYUHGVMEQI-UHFFFAOYSA-N,"InChI=1S/C21H28N2OS/c1-3-21(24)23(18-8-5-4-6-9-18)20-12-14-22(16-17(20)2)13-11-19-10-7-15-25-19/h4-10,15,17,20H,3,11-14,16H2,1-2H3",CCC(=O)N(C1CCN(CCC2=CC=CS2)CC1C)C1=CC=CC=C1,C21H28N2OS,,,62296,46506995,53763,CHEMBL2365680,,56092,
DB01440,Gamma Hydroxybutyric Acid,591-81-1,approved; illicit; investigational,SJZRECIVHVDYJC-UHFFFAOYSA-M,"InChI=1S/C4H8O3/c5-3-1-2-4(6)7/h5H,1-3H2,(H,6,7)/p-1",OCCCC([O-])=O,C4H7O3,C00989,,3037032,46507548,16724,,,2300886,
DB01441,"5-Methoxy-N,N-diisopropyltryptamine",4021-34-5,experimental; illicit,DNBPMBJFRRVTSJ-UHFFFAOYSA-N,"InChI=1S/C17H26N2O/c1-12(2)19(13(3)4)9-8-14-11-18-17-7-6-15(20-5)10-16(14)17/h6-7,10-13,18H,8-9H2,1-5H3",COC1=CC2=C(NC=C2CCN(C(C)C)C(C)C)C=C1,C17H26N2O,,,151182,46506676,48282,CHEMBL2140942,,133247,
DB01442,MMDA,13674-05-0,experimental; illicit,YQYUWUKDEVZFDB-UHFFFAOYSA-N,"InChI=1S/C11H15NO3/c1-7(12)3-8-4-9(13-2)11-10(5-8)14-6-15-11/h4-5,7H,3,6,12H2,1-2H3",COC1=CC(CC(C)N)=CC2=C1OCO2,C11H15NO3,,,26175,46506802,,CHEMBL126506,,24386,
DB01443,19-Nor-5-androstenedione,19289-77-1,experimental; illicit,WELNRNVZXWUOGT-QXUSFIETSA-N,"InChI=1S/C18H24O2/c1-18-9-8-14-13-5-3-12(19)10-11(13)2-4-15(14)16(18)6-7-17(18)20/h2,13-16H,3-10H2,1H3/t13-,14+,15+,16-,18-/m0/s1",C[C@]12CC[C@H]3[C@@H](CC=C4CC(=O)CC[C@H]34)[C@@H]1CCC2=O,C18H24O2,,,18633059,46508864,,,,18612511,
DB01444,Dimethylthiambutene,524-84-5,experimental; illicit,CANBGVXYBPOLRR-UHFFFAOYSA-N,"InChI=1S/C14H17NS2/c1-11(15(2)3)10-12(13-6-4-8-16-13)14-7-5-9-17-14/h4-11H,1-3H3",CC(C=C(C1=CC=CS1)C1=CC=CS1)N(C)C,C14H17NS2,,,10668,46505069,59781,CHEMBL2106265,,10218,
DB01445,Bufotenine,487-93-4,experimental; illicit,VTTONGPRPXSUTJ-UHFFFAOYSA-N,"InChI=1S/C12H16N2O/c1-14(2)6-5-9-8-13-12-4-3-10(15)7-11(9)12/h3-4,7-8,13,15H,5-6H2,1-2H3",CN(C)CCC1=CNC2=C1C=C(O)C=C2,C12H16N2O,C08299,,10257,46507174,3210,CHEMBL416526,,9839,50024206
DB01446,Alpha-methyltryptamine,299-26-3,experimental; illicit,QSQQQURBVYWZKJ-UHFFFAOYSA-N,"InChI=1S/C11H14N2/c1-8(12)6-9-7-13-11-5-3-2-4-10(9)11/h2-5,7-8,13H,6,12H2,1H3",CC(N)CC1=CNC2=CC=CC=C12,C11H14N2,,,9287,46507024,59020,CHEMBL30713,,8930,50014210
DB01447,4-Methylaminorex,3568-94-3,experimental; illicit,LJQBMYDFWFGESC-UHFFFAOYSA-N,"InChI=1S/C10H12N2O/c1-7-9(13-10(11)12-7)8-5-3-2-4-6-8/h2-7,9H,1H3,(H2,11,12)",CC1N=C(N)OC1C1=CC=CC=C1,C10H12N2O,,,92196,46508135,,,,83237,
DB01448,19-Nor-4-androstenedione,,experimental; illicit,,,,,,,,46505829,,,,,
DB01450,Dihydroetorphine,14357-76-7,experimental; illicit,BRTSNYPDACNMIP-FAWZKKEFSA-N,"InChI=1S/C25H35NO4/c1-5-8-22(2,28)17-14-23-9-10-25(17,29-4)21-24(23)11-12-26(3)18(23)13-15-6-7-16(27)20(30-21)19(15)24/h6-7,17-18,21,27-28H,5,8-14H2,1-4H3/t17-,18-,21-,22-,23-,24+,25-/m1/s1",[H][C@@]12OC3=C(O)C=CC4=C3[C@@]11CCN(C)[C@]([H])(C4)[C@]11CC[C@@]2(OC)[C@]([H])(C1)[C@](C)(O)CCC,C25H35NO4,,,107765,46507682,,,,96924,
DB01451,1-Androstenedione,,experimental; illicit,WJIQCDPCDVWDDE-WZNAKSSCSA-N,"InChI=1S/C19H26O2/c1-18-9-7-13(20)11-12(18)3-4-14-15-5-6-17(21)19(15,2)10-8-16(14)18/h7,9,12,14-16H,3-6,8,10-11H2,1-2H3/t12-,14-,15-,16-,18-,19-/m0/s1",C[C@]12CC[C@H]3[C@@H](CC[C@H]4CC(=O)C=C[C@]34C)[C@@H]1CCC2=O,C19H26O2,,,11196935,46504446,133930,,,9372004,
DB01452,Heroin,561-27-3,approved; illicit; investigational,GVGLGOZIDCSQPN-PVHGPHFFSA-N,"InChI=1S/C21H23NO5/c1-11(23)25-16-6-4-13-10-15-14-5-7-17(26-12(2)24)20-21(14,8-9-22(15)3)18(13)19(16)27-20/h4-7,14-15,17,20H,8-10H2,1-3H3/t14-,15+,17-,20-,21-/m0/s1",[H][C@@]12OC3=C(OC(C)=O)C=CC4=C3[C@@]11CCN(C)[C@]([H])(C4)[C@]1([H])C=C[C@@H]2OC(C)=O,C21H23NO5,C06534,D07286,5462328,46506839,27808,CHEMBL459324,,4575379,
DB01453,Beta-hydroxyfentanyl,78995-10-5,experimental; illicit,JEFVHLMGRUJLET-UHFFFAOYSA-N,"InChI=1S/C22H28N2O2/c1-2-22(26)24(19-11-7-4-8-12-19)20-13-15-23(16-14-20)17-21(25)18-9-5-3-6-10-18/h3-12,20-21,25H,2,13-17H2,1H3",CCC(=O)N(C1CCN(CC(O)C2=CC=CC=C2)CC1)C1=CC=CC=C1,C22H28N2O2,,,62278,46505363,,CHEMBL3302622,,56079,
DB01454,Midomafetamine,42542-10-9,experimental; illicit; investigational,SHXWCVYOXRDMCX-UHFFFAOYSA-N,"InChI=1S/C11H15NO2/c1-8(12-2)5-9-3-4-10-11(6-9)14-7-13-10/h3-4,6,8,12H,5,7H2,1-2H3",CNC(C)CC1=CC2=C(OCO2)C=C1,C11H15NO2,C07577,,1615,46506404,1391,CHEMBL43048,,1556,50010588
DB01455,19-Nor-5-androstenediol,,experimental; illicit,VVUQRXPUVKXAIO-XFUVECHXSA-N,"InChI=1S/C18H28O2/c1-18-9-8-14-13-5-3-12(19)10-11(13)2-4-15(14)16(18)6-7-17(18)20/h2,12-17,19-20H,3-10H2,1H3/t12-,13-,14+,15+,16-,17-,18-/m0/s1",[H][C@@]12CC[C@H](O)[C@@]1(C)CC[C@]1([H])[C@@]3([H])CC[C@H](O)CC3=CC[C@@]21[H],C18H28O2,,,9900246,46507256,,CHEMBL259126,,8075901,50423550
DB01456,5-androstenedione,571-36-8,experimental; illicit,SQGZFRITSMYKRH-QAGGRKNESA-N,"InChI=1S/C19H26O2/c1-18-9-7-13(20)11-12(18)3-4-14-15-5-6-17(21)19(15,2)10-8-16(14)18/h3,14-16H,4-11H2,1-2H3/t14-,15-,16-,18-,19-/m0/s1",[H][C@@]12CCC(=O)[C@@]1(C)CC[C@@]1([H])[C@@]2([H])CC=C2CC(=O)CC[C@]12C,C19H26O2,C20252,,160531,46507159,83865,CHEMBL1743203,,141063,
DB01458,"2,5-Dimethoxy-4-(n)-propylthiophenethylamine",207740-26-9,experimental; illicit,OLEVEPDJOFPJTF-UHFFFAOYSA-N,"InChI=1S/C13H21NO2S/c1-4-7-17-13-9-11(15-2)10(5-6-14)8-12(13)16-3/h8-9H,4-7,14H2,1-3H3",CCCSC1=CC(OC)=C(CCN)C=C1OC,C13H21NO2S,,,24728635,46506237,,CHEMBL126432,,21106233,
DB01459,Bezitramide,15301-48-1,experimental; illicit; withdrawn,FLKWNFFCSSJANB-UHFFFAOYSA-N,"InChI=1S/C31H32N4O2/c1-2-29(36)35-28-16-10-9-15-27(28)34(30(35)37)26-17-20-33(21-18-26)22-19-31(23-32,24-11-5-3-6-12-24)25-13-7-4-8-14-25/h3-16,26H,2,17-22H2,1H3",CCC(=O)N1C(=O)N(C2CCN(CCC(C#N)(C3=CC=CC=C3)C3=CC=CC=C3)CC2)C2=CC=CC=C12,C31H32N4O2,,,61791,46505037,135794,CHEMBL2104149,,55675,
DB01460,Diethyltryptamine,61-51-8,experimental; illicit,LSSUMOWDTKZHHT-UHFFFAOYSA-N,"InChI=1S/C14H20N2/c1-3-16(4-2)10-9-12-11-15-14-8-6-5-7-13(12)14/h5-8,11,15H,3-4,9-10H2,1-2H3",CCN(CC)CCC1=CNC2=CC=CC=C12,C14H20N2,,,6090,46504638,,CHEMBL142936,,5865,50094676
DB01461,Dimenoxadol,509-78-4,experimental; illicit,RHUWRJWFHUKVED-UHFFFAOYSA-N,"InChI=1S/C20H25NO3/c1-4-24-20(17-11-7-5-8-12-17,18-13-9-6-10-14-18)19(22)23-16-15-21(2)3/h5-14H,4,15-16H2,1-3H3",CCOC(C(=O)OCCN(C)C)(C1=CC=CC=C1)C1=CC=CC=C1,C20H25NO3,,,17036,46506064,135396,CHEMBL2104309,,16137,
DB01462,Etonitazene,911-65-9,experimental; illicit,PXDBZSCGSQSKST-UHFFFAOYSA-N,"InChI=1S/C22H28N4O3/c1-4-24(5-2)13-14-25-21-12-9-18(26(27)28)16-20(21)23-22(25)15-17-7-10-19(11-8-17)29-6-3/h7-12,16H,4-6,13-15H2,1-3H3",CCOC1=CC=C(CC2=NC3=C(C=CC(=C3)[N+]([O-])=O)N2CCN(CC)CC)C=C1,C22H28N4O3,,,13493,46508885,,CHEMBL312040,,12908,50013847
DB01463,Fencamfamine,1209-98-9,approved; illicit; withdrawn,IKFBPFGUINLYQI-UHFFFAOYSA-N,"InChI=1S/C15H21N/c1-2-16-15-13-9-8-12(10-13)14(15)11-6-4-3-5-7-11/h3-7,12-16H,2,8-10H2,1H3",CCNC1C2CCC(C2)C1C1=CC=CC=C1,C15H21N,,,14584,46508161,134895,CHEMBL7010,,13922,
DB01464,Furethidine,2385-81-1,experimental; illicit,NNCOZXNZFLUYGG-UHFFFAOYSA-N,"InChI=1S/C21H31NO4/c1-2-25-20(23)21(18-7-4-3-5-8-18)10-12-22(13-11-21)14-16-24-17-19-9-6-15-26-19/h3-5,7-8,19H,2,6,9-17H2,1H3",CCOC(=O)C1(CCN(CCOCC2CCCO2)CC1)C1=CC=CC=C1,C21H31NO4,,,61306,46506907,,CHEMBL2105078,,55245,
DB01465,"2,5-Dimethoxyamphetamine",2801-68-5,experimental; illicit,LATVFYDIBMDBSY-UHFFFAOYSA-N,"InChI=1S/C11H17NO2/c1-8(12)6-9-7-10(13-2)4-5-11(9)14-3/h4-5,7-8H,6,12H2,1-3H3",COC1=CC(CC(C)N)=C(OC)C=C1,C11H17NO2,,,62787,46507168,,CHEMBL8642,,56526,50005251
DB01466,Ethylmorphine,76-58-4,approved; illicit,OGDVEMNWJVYAJL-LEPYJNQMSA-N,"InChI=1S/C19H23NO3/c1-3-22-15-7-4-11-10-13-12-5-6-14(21)18-19(12,8-9-20(13)2)16(11)17(15)23-18/h4-7,12-14,18,21H,3,8-10H2,1-2H3/t12-,13+,14-,18-,19-/m0/s1",[H][C@@]12OC3=C(OCC)C=CC4=C3[C@@]11CCN(C)[C@]([H])(C4)[C@]1([H])C=C[C@@H]2O,C19H23NO3,C07537,D07929,5359271,46505092,4902,CHEMBL1712170,,4514250,
DB01467,"2,5-Dimethoxy-4-ethylamphetamine",22004-32-6,experimental; illicit,HXJKWPGVENNMCC-UHFFFAOYSA-N,"InChI=1S/C13H21NO2/c1-5-10-7-13(16-4)11(6-9(2)14)8-12(10)15-3/h7-9H,5-6,14H2,1-4H3",CCC1=CC(OC)=C(CC(C)N)C=C1OC,C13H21NO2,,,27402,46504746,,CHEMBL8224,,25499,81965
DB01468,Ethylmethylthiambutene,441-61-2,experimental; illicit,MORSAEFGQPDBKM-UHFFFAOYSA-N,"InChI=1S/C15H19NS2/c1-4-16(3)12(2)11-13(14-7-5-9-17-14)15-8-6-10-18-15/h5-12H,4H2,1-3H3",CCN(C)C(C)C=C(C1=CC=CS1)C1=CC=CS1,C15H19NS2,,,46424,46505584,135149,CHEMBL2106526,,42256,
DB01469,Acetorphine,25333-77-1,experimental; illicit,LFYBMMHFJIAKFE-PMEKXCSPSA-N,"InChI=1S/C27H35NO5/c1-6-9-24(3,30)19-15-25-10-11-27(19,31-5)23-26(25)12-13-28(4)20(25)14-17-7-8-18(32-16(2)29)22(33-23)21(17)26/h7-8,10-11,19-20,23,30H,6,9,12-15H2,1-5H3/t19-,20-,23-,24-,25-,26+,27-/m1/s1",[H][C@@]12OC3=C(OC(C)=O)C=CC4=C3[C@@]11CCN(C)[C@]([H])(C4)[C@@]11C[C@]([H])([C@](C)(O)CCC)[C@]2(OC)C=C1,C27H35NO5,,,20055090,46506577,,,,16736130,
DB01470,α-methylthiofentanyl,103963-66-2,illicit,YPOXDUYRRSUFFG-UHFFFAOYSA-N,"InChI=1S/C21H28N2OS/c1-3-21(24)23(18-8-5-4-6-9-18)19-11-13-22(14-12-19)17(2)16-20-10-7-15-25-20/h4-10,15,17,19H,3,11-14,16H2,1-2H3",CCC(=O)N(C1CCN(CC1)C(C)CC1=CC=CS1)C1=CC=CC=C1,C21H28N2OS,,,62309,46508575,,CHEMBL2365807,,56104,
DB01471,Bolasterone,1605-89-6,experimental; illicit,IVFYLRMMHVYGJH-VLOLGRDOSA-N,"InChI=1S/C21H32O2/c1-13-11-14-12-15(22)5-8-19(14,2)16-6-9-20(3)17(18(13)16)7-10-21(20,4)23/h12-13,16-18,23H,5-11H2,1-4H3/t13-,16+,17+,18-,19+,20+,21+/m1/s1",[H][C@@]12CC[C@](C)(O)[C@@]1(C)CC[C@@]1([H])[C@@]2([H])[C@H](C)CC2=CC(=O)CC[C@]12C,C21H32O2,C14475,D03144,102146,46504950,34583,CHEMBL259548,,92280,50423546
DB01472,4-Methoxyamphetamine,64-13-1,experimental; illicit,NEGYEDYHPHMHGK-UHFFFAOYSA-N,"InChI=1S/C10H15NO/c1-8(11)7-9-3-5-10(12-2)6-4-9/h3-6,8H,7,11H2,1-2H3",COC1=CC=C(CC(C)N)C=C1,C10H15NO,,,31721,46507471,,CHEMBL278663,,29417,50024209
DB01473,Betaprodine,468-59-7,experimental; illicit,UVAZQQHAVMNMHE-CZUORRHYSA-N,"InChI=1S/C16H23NO2/c1-4-15(18)19-16(14-8-6-5-7-9-14)10-11-17(3)12-13(16)2/h5-9,13H,4,10-12H2,1-3H3/t13-,16-/m1/s1",[H][C@@]1(C)CN(C)CC[C@]1(OC(=O)CC)C1=CC=CC=C1,C16H23NO2,,,5284516,46507695,,CHEMBL3187964,,4447576,
DB01474,"17alpha-methyl-3beta,17beta-dihydroxyandrost-4-ene",571-03-9,experimental; illicit,BNUOCVTVOYWNJC-DTMQFJJTSA-N,"InChI=1S/C20H32O2/c1-18-9-6-14(21)12-13(18)4-5-15-16(18)7-10-19(2)17(15)8-11-20(19,3)22/h12,14-17,21-22H,4-11H2,1-3H3/t14-,15+,16-,17-,18-,19-,20-/m0/s1",C[C@]1(O)CC[C@H]2[C@@H]3CCC4=C[C@@H](O)CC[C@]4(C)[C@H]3CC[C@]12C,C20H32O2,,,69259387,46505852,,,,24734384,
DB01475,Dioxaphetyl butyrate,467-86-7,experimental; illicit,LQGIXNQCOXNCRP-UHFFFAOYSA-N,"InChI=1S/C22H27NO3/c1-2-26-21(24)22(19-9-5-3-6-10-19,20-11-7-4-8-12-20)13-14-23-15-17-25-18-16-23/h3-12H,2,13-18H2,1H3",CCOC(=O)C(CCN1CCOCC1)(C1=CC=CC=C1)C1=CC=CC=C1,C22H27NO3,,,48194,46507448,135489,CHEMBL2106284,,43838,
DB01476,Haloxazolam,59128-97-1,experimental; illicit,XDKCGKQHVBOOHC-UHFFFAOYSA-N,"InChI=1S/C17H14BrFN2O2/c18-11-5-6-15-13(9-11)17(12-3-1-2-4-14(12)19)21(7-8-23-17)10-16(22)20-15/h1-6,9H,7-8,10H2,(H,20,22)",FC1=CC=CC=C1C12OCCN1CC(=O)NC1=C2C=C(Br)C=C1,C17H14BrFN2O2,,D01758,3563,46508327,31666,CHEMBL2104461,,3442,
DB01477,Codeine methylbromide,125-27-9,experimental; illicit,KIKLDWULAZATJG-YZZSNFJZSA-M,"InChI=1S/C19H24NO3.BrH/c1-20(2)9-8-19-12-5-6-14(21)18(19)23-17-15(22-3)7-4-11(16(17)19)10-13(12)20;/h4-7,12-14,18,21H,8-10H2,1-3H3;1H/q+1;/p-1/t12-,13+,14-,18-,19-;/m0./s1",[Br-].[H][C@@]12OC3=C(OC)C=CC4=C3[C@@]11CC[N+](C)(C)[C@]([H])(C4)[C@]1([H])C=C[C@@H]2O,C19H24BrNO3,,,5362447,46506596,,,,4515039,
DB01478,Desmethylprodine,13147-09-6,experimental; illicit,BCQMRZRAWHNSBF-UHFFFAOYSA-N,"InChI=1S/C15H21NO2/c1-3-14(17)18-15(9-11-16(2)12-10-15)13-7-5-4-6-8-13/h4-8H,3,9-12H2,1-2H3",CCC(=O)OC1(CCN(C)CC1)C1=CC=CC=C1,C15H21NO2,,,61583,46504635,,CHEMBL279865,,55493,
DB01479,BA-2664,641-82-7,experimental; illicit,QGKQXZFZOIQFBI-XSWYFRFISA-N,"InChI=1S/C20H34O2/c1-18-9-6-14(21)12-13(18)4-5-15-16(18)7-10-19(2)17(15)8-11-20(19,3)22/h13-17,21-22H,4-12H2,1-3H3/t13-,14+,15+,16-,17-,18-,19-,20-/m0/s1",C[C@]1(O)CC[C@H]2[C@@H]3CC[C@H]4C[C@H](O)CC[C@]4(C)[C@H]3CC[C@]12C,C20H34O2,C15376,,242493,46506370,79878,CHEMBL3544564,,211980,
DB01480,Cyprenorphine,4406-22-8,experimental; illicit,VSKIOMHXEUHYSI-KNLIIKEYSA-N,"InChI=1S/C26H33NO4/c1-23(2,29)18-13-24-8-9-26(18,30-3)22-25(24)10-11-27(14-15-4-5-15)19(24)12-16-6-7-17(28)21(31-22)20(16)25/h6-9,15,18-19,22,28-29H,4-5,10-14H2,1-3H3/t18-,19-,22-,24-,25+,26-/m1/s1",[H][C@@]12OC3=C(O)C=CC4=C3[C@@]11CCN(CC3CC3)[C@]([H])(C4)[C@@]11C[C@]([H])(C(C)(C)O)[C@]2(OC)C=C1,C26H33NO4,,,20054882,46506801,,CHEMBL2110789,,16735758,
DB01481,1-Testosterone,65-06-5,experimental; illicit; investigational,OKJCFMUGMSVJBG-ABEVXSGRSA-N,"InChI=1S/C19H28O2/c1-18-9-7-13(20)11-12(18)3-4-14-15-5-6-17(21)19(15,2)10-8-16(14)18/h7,9,12,14-17,21H,3-6,8,10-11H2,1-2H3/t12-,14-,15-,16-,17-,18-,19-/m0/s1",[H][C@@]12CC[C@H](O)[C@@]1(C)CC[C@@]1([H])[C@@]2([H])CC[C@@]2([H])CC(=O)C=C[C@]12C,C19H28O2,C15377,,236666,46507716,59714,,,206590,
DB01483,Barbital,57-44-3,illicit,FTOAOBMCPZCFFF-UHFFFAOYSA-N,"InChI=1S/C8H12N2O3/c1-3-8(4-2)5(11)9-7(13)10-6(8)12/h3-4H2,1-2H3,(H2,9,10,11,12,13)",CCC1(CC)C(=O)NC(=O)NC1=O,C8H12N2O3,C02517,,2294,46508979,31252,CHEMBL444,,2206,
DB01484,"4-Bromo-2,5-dimethoxyamphetamine",32156-26-6,experimental; illicit,FXMWUTGUCAKGQL-UHFFFAOYSA-N,"InChI=1S/C11H16BrNO2/c1-7(13)4-8-5-11(15-3)9(12)6-10(8)14-2/h5-7H,4,13H2,1-3H3",COC1=CC(Br)=C(OC)C=C1CC(C)N,C11H16BrNO2,,,62065,46507989,,CHEMBL6607,,55902,50005257
DB01485,4-Hydroxytestosterone,2141-17-5,experimental; illicit,BQOIJSIMMIDHMO-FBPKJDBXSA-N,"InChI=1S/C19H28O3/c1-18-10-8-15(20)17(22)14(18)4-3-11-12-5-6-16(21)19(12,2)9-7-13(11)18/h11-13,16,21-22H,3-10H2,1-2H3/t11-,12-,13-,16-,18+,19-/m0/s1",C[C@]12CC[C@H]3[C@@H](CCC4=C(O)C(=O)CC[C@]34C)[C@@H]1CC[C@@H]2O,C19H28O3,,,160615,46508337,,CHEMBL2431525,,141138,
DB01486,Cathine,492-39-7,experimental; illicit,DLNKOYKMWOXYQA-IONNQARKSA-N,"InChI=1S/C9H13NO/c1-7(10)9(11)8-5-3-2-4-6-8/h2-7,9,11H,10H2,1H3/t7-,9+/m0/s1",C[C@H](N)[C@@H](O)C1=CC=CC=C1,C9H13NO,C08300,,441457,46509110,4109,CHEMBL1412041,,390189,50405615
DB01487,Embutramide,15687-14-6,experimental; illicit,LMBMDLOSPKIWAP-UHFFFAOYSA-N,"InChI=1S/C17H27NO3/c1-4-17(5-2,13-18-16(20)10-7-11-19)14-8-6-9-15(12-14)21-3/h6,8-9,12,19H,4-5,7,10-11,13H2,1-3H3,(H,18,20)",CCC(CC)(CNC(=O)CCCO)C1=CC(OC)=CC=C1,C17H27NO3,,D03984,27453,46504563,,CHEMBL2104668,,25547,
DB01488,Dimethyltryptamine,61-50-7,experimental; illicit,DMULVCHRPCFFGV-UHFFFAOYSA-N,"InChI=1S/C12H16N2/c1-14(2)8-7-10-9-13-12-6-4-3-5-11(10)12/h3-6,9,13H,7-8H2,1-2H3",CN(C)CCC1=CNC2=CC=CC=C12,C12H16N2,C08302,,6089,46507463,28969,CHEMBL12420,,5864,50026868
DB01489,Camazepam,36104-80-0,approved; illicit,PXBVEXGRHZFEOF-UHFFFAOYSA-N,"InChI=1S/C19H18ClN3O3/c1-22(2)19(25)26-17-18(24)23(3)15-10-9-13(20)11-14(15)16(21-17)12-7-5-4-6-8-12/h4-11,17H,1-3H3",CN(C)C(=O)OC1N=C(C2=CC=CC=C2)C2=C(C=CC(Cl)=C2)N(C)C1=O,C19H18ClN3O3,,D07315,37367,46505921,135570,CHEMBL1095282,,34285,
DB01490,Aminorex,2207-50-3,experimental; illicit,SYAKTDIEAPMBAL-UHFFFAOYSA-N,"InChI=1S/C9H10N2O/c10-9-11-6-8(12-9)7-4-2-1-3-5-7/h1-5,8H,6H2,(H2,10,11)",NC1=NCC(O1)C1=CC=CC=C1,C9H10N2O,,D02909,16630,46507089,134792,CHEMBL106258,,15767,85705
DB01491,Dipipanone,467-83-4,experimental; illicit,SVDHSZFEQYXRDC-UHFFFAOYSA-N,"InChI=1S/C24H31NO/c1-3-23(26)24(21-13-7-4-8-14-21,22-15-9-5-10-16-22)19-20(2)25-17-11-6-12-18-25/h4-5,7-10,13-16,20H,3,6,11-12,17-19H2,1-2H3",CCC(=O)C(CC(C)N1CCCCC1)(C1=CC=CC=C1)C1=CC=CC=C1,C24H31NO,,,13331,46508855,135479,CHEMBL2111157,,12766,
DB01494,Chloral betaine,2218-68-0,illicit; withdrawn,ONAOIDNSINNZOA-UHFFFAOYSA-N,"InChI=1S/C5H11NO2.C2H3Cl3O2/c1-6(2,3)4-5(7)8;3-2(4,5)1(6)7/h4H2,1-3H3;1,6-7H",OC(O)C(Cl)(Cl)Cl.C[N+](C)(C)CC([O-])=O,C7H14Cl3NO4,,,16676,46508513,,CHEMBL3833335,,15813,
DB01495,Dichloralphenazone,480-30-8,approved; illicit,ATKXDQOHNICLQW-UHFFFAOYSA-N,"InChI=1S/C11H12N2O.2C2H3Cl3O2/c1-9-8-11(14)13(12(9)2)10-6-4-3-5-7-10;2*3-2(4,5)1(6)7/h3-8H,1-2H3;2*1,6-7H",OC(O)C(Cl)(Cl)Cl.OC(O)C(Cl)(Cl)Cl.CN1N(C(=O)C=C1C)C1=CC=CC=C1,C15H18Cl6N2O5,,,10188,46507898,,CHEMBL1697834,,9776,
DB01496,Barbituric acid derivative,,experimental; illicit,DNZPLHRZXUJATK-UHFFFAOYSA-N,"InChI=1S/C16H11F3N2O3S/c17-16(18,19)11-4-2-1-3-9(11)12-6-5-8(24-12)7-10-13(22)20-15(25)21-14(10)23/h1-6,10H,7H2,(H2,20,21,22,23,25)",FC(F)(F)C1=CC=CC=C1C1=CC=C(CC2C(=O)NC(=S)NC2=O)O1,C16H11F3N2O3S,,,3003157,46507405,,,,2273815,
DB01497,Etorphine,14521-96-1,illicit; vet_approved,CAHCBJPUTCKATP-HBDRVVKHSA-N,"InChI=1S/C25H33NO4/c1-5-8-22(2,28)17-14-23-9-10-25(17,29-4)21-24(23)11-12-26(3)18(23)13-15-6-7-16(27)20(30-21)19(15)24/h6-7,9-10,17-18,21,27-28H,5,8,11-14H2,1-4H3/t17?,18-,21?,22?,23-,24+,25?/m1/s1",[H][C@]12CC3=C4C(OC5[C@@]4(CCN1C)[C@]21CC(C(C)(O)CCC)C5(OC)C=C1)=C(O)C=C3,C25H33NO4,C11793,,26721,46505591,4912,,,24895,
DB01498,Alphamethadol,17199-54-1,experimental; illicit,QIRAYNIFEOXSPW-YLJYHZDGSA-N,"InChI=1S/C21H29NO/c1-5-20(23)21(16-17(2)22(3)4,18-12-8-6-9-13-18)19-14-10-7-11-15-19/h6-15,17,20,23H,5,16H2,1-4H3/t17-,20-/m1/s1",CC[C@@H](O)C(C[C@@H](C)N(C)C)(C1=CC=CC=C1)C1=CC=CC=C1,C21H29NO,,,62709,46507318,,CHEMBL159660,,56456,
DB01499,Alphameprodine,468-51-9,experimental; illicit,ODEGQXRCQDVXSJ-WMLDXEAASA-N,"InChI=1S/C17H25NO2/c1-4-14-13-18(3)12-11-17(14,20-16(19)5-2)15-9-7-6-8-10-15/h6-10,14H,4-5,11-13H2,1-3H3/t14-,17+/m0/s1",CC[C@H]1CN(C)CC[C@]1(OC(=O)CC)C1=CC=CC=C1,C17H25NO2,,,61119,46507922,,CHEMBL2104027,,55067,
DB01500,Oxabolone,4721-69-1,experimental; illicit,GXHBCWCMYVTJOW-YGRHGMIBSA-N,"InChI=1S/C18H26O3/c1-18-9-8-11-10-4-6-15(19)17(21)13(10)3-2-12(11)14(18)5-7-16(18)20/h10-12,14,16,20-21H,2-9H2,1H3/t10-,11-,12-,14+,16+,18+/m1/s1",[H][C@@]12CC[C@H](O)[C@@]1(C)CC[C@]1([H])[C@@]3([H])CCC(=O)C(O)=C3CC[C@@]21[H],C18H26O3,,,20055236,46508722,135210,,,16736429,
DB01501,Difenoxin,28782-42-5,approved; illicit,UFIVBRCCIRTJTN-UHFFFAOYSA-N,"InChI=1S/C28H28N2O2/c29-22-28(24-12-6-2-7-13-24,25-14-8-3-9-15-25)18-21-30-19-16-27(17-20-30,26(31)32)23-10-4-1-5-11-23/h1-15H,16-21H2,(H,31,32)",OC(=O)C1(CCN(CCC(C#N)(C2=CC=CC=C2)C2=CC=CC=C2)CC1)C1=CC=CC=C1,C28H28N2O2,C07871,D03809,34328,46508854,4534,CHEMBL1201321,,31620,
DB01502,Diampromide,552-25-0,experimental; illicit,RXTHKWVSXOIHJS-UHFFFAOYSA-N,"InChI=1S/C21H28N2O/c1-4-21(24)23(20-13-9-6-10-14-20)17-18(2)22(3)16-15-19-11-7-5-8-12-19/h5-14,18H,4,15-17H2,1-3H3",CCC(=O)N(CC(C)N(C)CCC1=CC=CC=C1)C1=CC=CC=C1,C21H28N2O,,,62370,46505265,135386,CHEMBL2106220,,56158,
DB01503,1-Androstenediol,,experimental; illicit,RZFGPAMUAXASRE-YSZCXEEOSA-N,"InChI=1S/C19H30O2/c1-18-9-7-13(20)11-12(18)3-4-14-15-5-6-17(21)19(15,2)10-8-16(14)18/h7,9,12-17,20-21H,3-6,8,10-11H2,1-2H3/t12-,13-,14-,15-,16-,17-,18-,19-/m0/s1",C[C@]12CC[C@H]3[C@@H](CC[C@H]4C[C@@H](O)C=C[C@]34C)[C@@H]1CC[C@@H]2O,C19H30O2,,,11300765,46508681,,,,9475742,
DB01505,Etoxeridine,469-82-9,experimental; illicit,KJTKYGFGPQSRRA-UHFFFAOYSA-N,"InChI=1S/C18H27NO4/c1-2-23-17(21)18(16-6-4-3-5-7-16)8-10-19(11-9-18)12-14-22-15-13-20/h3-7,20H,2,8-15H2,1H3",CCOC(=O)C1(CCN(CCOCCO)CC1)C1=CC=CC=C1,C18H27NO4,,D02151,61122,46505813,,CHEMBL2104254,,55070,
DB01506,1-Phenylcyclohexylamine,2201-24-3,experimental; illicit,RGZGRPPQZUQUCR-UHFFFAOYSA-N,"InChI=1S/C12H17N/c13-12(9-5-2-6-10-12)11-7-3-1-4-8-11/h1,3-4,7-8H,2,5-6,9-10,13H2",NC1(CCCCC1)C1=CC=CC=C1,C12H17N,,,31862,46506337,,CHEMBL253838,,29546,50210761
DB01509,"3,4-Methylenedioxyamphetamine",4764-17-4,experimental; illicit,NGBBVGZWCFBOGO-UHFFFAOYSA-N,"InChI=1S/C10H13NO2/c1-7(11)4-8-2-3-9-10(5-8)13-6-12-9/h2-3,5,7H,4,6,11H2,1H3",CC(N)CC1=CC2=C(OCO2)C=C1,C10H13NO2,,,1614,46506100,100592,CHEMBL6731,,1555,50005247
DB01510,Dehydrochloromethyltestosterone,,experimental; illicit,,,,,,,,46507577,,,,,
DB01511,Delorazepam,2894-67-9,approved; illicit; investigational,CHIFCDOIPRCHCF-UHFFFAOYSA-N,"InChI=1S/C15H10Cl2N2O/c16-9-5-6-13-11(7-9)15(18-8-14(20)19-13)10-3-1-2-4-12(10)17/h1-7H,8H2,(H,19,20)",ClC1=CC2=C(NC(=O)CN=C2C2=CC=CC=C2Cl)C=C1,C15H10Cl2N2O,,D07784,17925,46504957,135295,CHEMBL268254,,16929,50026858
DB01512,Hydromorphinol,2183-56-4,experimental; illicit,AABLHGPVOULICI-BRJGLHKUSA-N,"InChI=1S/C17H21NO4/c1-18-7-6-16-13-9-2-3-10(19)14(13)22-15(16)11(20)4-5-17(16,21)12(18)8-9/h2-3,11-12,15,19-21H,4-8H2,1H3/t11-,12+,15-,16-,17+/m0/s1",[H][C@@]12OC3=C(O)C=CC4=C3[C@@]11CCN(C)[C@]([H])(C4)[C@]1(O)CC[C@@H]2O,C17H21NO4,,,5463858,46508311,,CHEMBL1951706,,4576407,
DB01513,"17Alpha-methyl-3beta,17beta-dihydroxy-5alpha-androstane",641-83-8,experimental; illicit,QGKQXZFZOIQFBI-UYEYMFBJSA-N,"InChI=1S/C20H34O2/c1-18-9-6-14(21)12-13(18)4-5-15-16(18)7-10-19(2)17(15)8-11-20(19,3)22/h13-17,21-22H,4-12H2,1-3H3/t13-,14-,15+,16-,17-,18-,19-,20-/m0/s1",C[C@]1(O)CC[C@H]2[C@@H]3CC[C@H]4C[C@@H](O)CC[C@]4(C)[C@H]3CC[C@]12C,C20H34O2,,,101819,46507785,,,,91994,
DB01514,Furazabol,1239-29-8,illicit,RGLLOUBXMOGLDQ-IVEVATEUSA-N,"InChI=1S/C20H30N2O2/c1-18-11-17-16(21-24-22-17)10-12(18)4-5-13-14(18)6-8-19(2)15(13)7-9-20(19,3)23/h12-15,23H,4-11H2,1-3H3/t12-,13+,14-,15-,18-,19-,20-/m0/s1",[H][C@@]12CC[C@](C)(O)[C@@]1(C)CC[C@@]1([H])[C@@]2([H])CC[C@@]2([H])CC3=NON=C3C[C@]12C,C20H30N2O2,,,14708,46505276,31640,CHEMBL1893554,,14032,
DB01515,Benzoylecgonine,519-09-5,experimental; illicit,GVGYEFKIHJTNQZ-RFQIPJPRSA-N,"InChI=1S/C16H19NO4/c1-17-11-7-8-12(17)14(15(18)19)13(9-11)21-16(20)10-5-3-2-4-6-10/h2-6,11-14H,7-9H2,1H3,(H,18,19)/t11-,12+,13-,14+/m0/s1",[H][C@]12CC[C@]([H])([C@H]([C@H](C1)OC(=O)C1=CC=CC=C1)C(O)=O)N2C,C16H19NO4,C10847,,448223,46508112,41001,CHEMBL1231248,BCG,395095,
DB01516,"3,4,5-Trimethoxyamphetamine",1082-88-8,experimental; illicit,WGTASENVNYJZBK-UHFFFAOYSA-N,"InChI=1S/C12H19NO3/c1-8(13)5-9-6-10(14-2)12(16-4)11(7-9)15-3/h6-8H,5,13H2,1-4H3",COC1=CC(CC(C)N)=CC(OC)=C1OC,C12H19NO3,,,31016,46505648,,CHEMBL30336,,28775,50005256
DB01518,Benzethidine,3691-78-9,experimental; illicit,UVTBZAWTRVBTMK-UHFFFAOYSA-N,"InChI=1S/C23H29NO3/c1-2-27-22(25)23(21-11-7-4-8-12-21)13-15-24(16-14-23)17-18-26-19-20-9-5-3-6-10-20/h3-12H,2,13-19H2,1H3",CCOC(=O)C1(CCN(CCOCC2=CC=CC=C2)CC1)C1=CC=CC=C1,C23H29NO3,,,62516,46507451,,CHEMBL2104234,,56290,
DB01520,Tenocyclidine,21500-98-1,experimental; illicit; investigational,JUZZEWSCNBCFRL-UHFFFAOYSA-N,"InChI=1S/C15H23NS/c1-3-9-15(10-4-1,14-8-7-13-17-14)16-11-5-2-6-12-16/h7-8,13H,1-6,9-12H2",C1CCN(CC1)C1(CCCCC1)C1=CC=CS1,C15H23NS,,,62751,46505124,64610,CHEMBL279676,,56495,50004107
DB01521,Clostebol,1093-58-9,experimental; illicit,KCZCIYZKSLLNNH-FBPKJDBXSA-N,"InChI=1S/C19H27ClO2/c1-18-10-8-15(21)17(20)14(18)4-3-11-12-5-6-16(22)19(12,2)9-7-13(11)18/h11-13,16,22H,3-10H2,1-2H3/t11-,12-,13-,16-,18+,19-/m0/s1",[H][C@@]12CC[C@H](O)[C@@]1(C)CC[C@@]1([H])[C@@]2([H])CCC2=C(Cl)C(=O)CC[C@]12C,C19H27ClO2,,D07731,68947,46505505,135372,CHEMBL2106571,,62171,
DB01522,Betacetylmethadol,17199-59-6,experimental; illicit,XBMIVRRWGCYBTQ-GCJKJVERSA-N,"InChI=1S/C23H31NO2/c1-6-22(26-19(3)25)23(17-18(2)24(4)5,20-13-9-7-10-14-20)21-15-11-8-12-16-21/h7-16,18,22H,6,17H2,1-5H3/t18-,22+/m1/s1",CC[C@H](OC(C)=O)C(C[C@@H](C)N(C)C)(C1=CC=CC=C1)C1=CC=CC=C1,C23H31NO2,,,62710,46508290,,CHEMBL2105619,,56457,
DB01523,Clonitazene,3861-76-5,experimental; illicit,GPZLDQAEBHTMPG-UHFFFAOYSA-N,"InChI=1S/C20H23ClN4O2/c1-3-23(4-2)11-12-24-19-10-9-17(25(26)27)14-18(19)22-20(24)13-15-5-7-16(21)8-6-15/h5-10,14H,3-4,11-13H2,1-2H3",CCN(CC)CCN1C(CC2=CC=C(Cl)C=C2)=NC2=C1C=CC(=C2)[N+]([O-])=O,C20H23ClN4O2,,,62528,46509015,,CHEMBL2104616,,56301,
DB01524,Androstenediol,521-17-5,experimental; illicit,QADHLRWLCPCEKT-LOVVWNRFSA-N,"InChI=1S/C19H30O2/c1-18-9-7-13(20)11-12(18)3-4-14-15-5-6-17(21)19(15,2)10-8-16(14)18/h3,13-17,20-21H,4-11H2,1-2H3/t13-,14-,15-,16-,17-,18-,19-/m0/s1",[H][C@@]12CC[C@H](O)[C@@]1(C)CC[C@@]1([H])[C@@]2([H])CC=C2C[C@@H](O)CC[C@]12C,C19H30O2,C04295,D00179,10634,46507476,2710,CHEMBL440283,B81,10188,50223237
DB01525,Ecgonine,481-37-8,experimental; illicit,PHMBVCPLDPDESM-FKSUSPILSA-N,"InChI=1S/C9H15NO3/c1-10-5-2-3-6(10)8(9(12)13)7(11)4-5/h5-8,11H,2-4H2,1H3,(H,12,13)/t5-,6+,7-,8+/m0/s1",[H][C@]12CC[C@]([H])([C@H]([C@@H](O)C1)C(O)=O)N2C,C9H15NO3,C10858,,91460,46506479,4743,,,82586,
DB01526,4-Androstenediol,1156-92-9,experimental; illicit,BTTWKVFKBPAFDK-LOVVWNRFSA-N,"InChI=1S/C19H30O2/c1-18-9-7-13(20)11-12(18)3-4-14-15-5-6-17(21)19(15,2)10-8-16(14)18/h11,13-17,20-21H,3-10H2,1-2H3/t13-,14-,15-,16-,17-,18-,19-/m0/s1",[H][C@@]12CC[C@H](O)[C@@]1(C)CC[C@@]1([H])[C@@]2([H])CCC2=C[C@@H](O)CC[C@]12C,C19H30O2,C14210,,136297,46507648,34386,CHEMBL195836,,120071,50410526
DB01528,"4-Methyl-2,5-dimethoxyamphetamine",15588-95-1,experimental; illicit,NTJQREUGJKIARY-UHFFFAOYSA-N,"InChI=1S/C12H19NO2/c1-8-5-12(15-4)10(6-9(2)13)7-11(8)14-3/h5,7,9H,6,13H2,1-4H3",COC1=CC(CC(C)N)=C(OC)C=C1C,C12H19NO2,,,85875,46504804,,CHEMBL8600,,77462,50005265
DB01529,Dextromoramide,357-56-2,experimental; illicit,INUNXTSAACVKJS-OAQYLSRUSA-N,"InChI=1S/C25H32N2O2/c1-21(20-26-16-18-29-19-17-26)25(22-10-4-2-5-11-22,23-12-6-3-7-13-23)24(28)27-14-8-9-15-27/h2-7,10-13,21H,8-9,14-20H2,1H3/t21-/m1/s1",C[C@H](CN1CCOCC1)C(C(=O)N1CCCC1)(C1=CC=CC=C1)C1=CC=CC=C1,C25H32N2O2,,D07287,92943,46507896,74274,CHEMBL2365707,,83901,
DB01530,"5alpha-androstane-3alpha,17beta-diol",1852-53-5,experimental; illicit,CBMYJHIOYJEBSB-KHOSGYARSA-N,"InChI=1S/C19H32O2/c1-18-9-7-13(20)11-12(18)3-4-14-15-5-6-17(21)19(15,2)10-8-16(14)18/h12-17,20-21H,3-11H2,1-2H3/t12-,13+,14-,15-,16-,17-,18-,19-/m0/s1",[H][C@@]12CC[C@H](O)[C@@]1(C)CC[C@@]1([H])[C@@]2([H])CC[C@@]2([H])C[C@H](O)CC[C@]12C,C19H32O2,,,15818,46505144,36713,CHEMBL335062,,15039,50093445
DB01531,Desomorphine,427-00-9,experimental; illicit,LNNWVNGFPYWNQE-GMIGKAJZSA-N,"InChI=1S/C17H21NO2/c1-18-8-7-17-11-3-2-4-14(17)20-16-13(19)6-5-10(15(16)17)9-12(11)18/h5-6,11-12,14,19H,2-4,7-9H2,1H3/t11-,12+,14-,17+/m0/s1",[H][C@@]12CCC[C@@]3([H])[C@@]4([H])CC5=CC=C(O)C(O1)=C5[C@@]23CCN4C,C17H21NO2,,,5362456,46506785,135119,CHEMBL2106274,,4515044,
DB01532,α-Methylacetylfentanyl,101860-00-8,illicit,OKTLVZBUKMRPLL-UHFFFAOYSA-N,"InChI=1S/C22H28N2O/c1-18(17-20-9-5-3-6-10-20)23-15-13-22(14-16-23)24(19(2)25)21-11-7-4-8-12-21/h3-12,18,22H,13-17H2,1-2H3",CC(CC1=CC=CC=C1)N1CCC(CC1)N(C(C)=O)C1=CC=CC=C1,C22H28N2O,,,62307,46507041,,,,56102,
DB01533,Diethylthiambutene,86-14-6,experimental; illicit,CBYWMRHUUVRIAF-UHFFFAOYSA-N,"InChI=1S/C16H21NS2/c1-4-17(5-2)13(3)12-14(15-8-6-10-18-15)16-9-7-11-19-16/h6-13H,4-5H2,1-3H3",CCN(CC)C(C)C=C(C1=CC=CS1)C1=CC=CS1,C16H21NS2,,,6833,46507304,,CHEMBL2106573,,6572,
DB01534,Chlorhexadol,3563-58-4,experimental; illicit,QVFWZNCVPCJQOP-UHFFFAOYSA-N,"InChI=1S/C8H15Cl3O3/c1-5(4-7(2,3)13)14-6(12)8(9,10)11/h5-6,12-13H,4H2,1-3H3",CC(CC(C)(C)O)OC(O)C(Cl)(Cl)Cl,C8H15Cl3O3,,D07325,19094,46508125,135097,CHEMBL2104116,,18027,
DB01535,Carfentanil,59708-52-0,illicit; investigational; vet_approved,YDSDEBIZUNNPOB-UHFFFAOYSA-N,"InChI=1S/C24H30N2O3/c1-3-22(27)26(21-12-8-5-9-13-21)24(23(28)29-2)15-18-25(19-16-24)17-14-20-10-6-4-7-11-20/h4-13H,3,14-19H2,1-2H3",CCC(=O)N(C1=CC=CC=C1)C1(CCN(CCC2=CC=CC=C2)CC1)C(=O)OC,C24H30N2O3,,,62156,46505501,61084,CHEMBL290429,,55986,50012477
DB01536,Androstenedione,63-05-8,experimental; illicit,AEMFNILZOJDQLW-QAGGRKNESA-N,"InChI=1S/C19H26O2/c1-18-9-7-13(20)11-12(18)3-4-14-15-5-6-17(21)19(15,2)10-8-16(14)18/h11,14-16H,3-10H2,1-2H3/t14-,15-,16-,18-,19-/m0/s1",[H][C@@]12CCC(=O)[C@@]1(C)CC[C@@]1([H])[C@@]2([H])CCC2=CC(=O)CC[C@]12C,C19H26O2,C00280,D00051,6128,46508011,16422,CHEMBL274826,ASD,5898,91713
DB01537,"4-Bromo-2,5-dimethoxyphenethylamine",66142-81-2,experimental; illicit,YMHOBZXQZVXHBM-UHFFFAOYSA-N,"InChI=1S/C10H14BrNO2/c1-13-9-6-8(11)10(14-2)5-7(9)3-4-12/h5-6H,3-4,12H2,1-2H3",COC1=CC(Br)=C(OC)C=C1CCN,C10H14BrNO2,,,98527,46504806,189669,CHEMBL292821,,88978,50005267
DB01538,Acetyldihydrocodeine,3861-72-1,experimental; illicit,LGGDXXJAGWBUSL-BKRJIHRRSA-N,"InChI=1S/C20H25NO4/c1-11(22)24-16-7-5-13-14-10-12-4-6-15(23-3)18-17(12)20(13,19(16)25-18)8-9-21(14)2/h4,6,13-14,16,19H,5,7-10H2,1-3H3/t13-,14+,16-,19-,20-/m0/s1",[H][C@@]12OC3=C(OC)C=CC4=C3[C@@]11CCN(C)[C@]([H])(C4)[C@]1([H])CC[C@@H]2OC(C)=O,C20H25NO4,,,5463874,46507175,135453,CHEMBL3092041,,4576412,
DB01539,1-Piperidinocyclohexanecarbonitrile,3867-15-0,experimental; illicit,WWSAYKJWUZJLRT-UHFFFAOYSA-N,InChI=1S/C12H20N2/c13-11-12(7-3-1-4-8-12)14-9-5-2-6-10-14/h1-10H2,N#CC1(CCCCC1)N1CCCCC1,C12H20N2,,,62529,46507601,,,,56302,
DB01540,17alpha-methyl-4-hydroxynandrolone,2747-16-2,illicit,CLNUZOCYKSHICX-FAHHUNKHSA-N,"InChI=1S/C19H28O3/c1-18-9-7-12-11-5-6-16(20)17(21)14(11)4-3-13(12)15(18)8-10-19(18,2)22/h11-13,15,21-22H,3-10H2,1-2H3/t11-,12-,13-,15+,18+,19+/m1/s1",[H][C@@]12CC[C@](C)(O)[C@@]1(C)CC[C@]1([H])[C@@]3([H])CCC(=O)C(O)=C3CC[C@@]21[H],C19H28O3,,,69249407,46504925,,,,42759157,
DB01541,Boldenone,846-48-0,illicit; vet_approved,RSIHSRDYCUFFLA-DYKIIFRCSA-N,"InChI=1S/C19H26O2/c1-18-9-7-13(20)11-12(18)3-4-14-15-5-6-17(21)19(15,2)10-8-16(14)18/h7,9,11,14-17,21H,3-6,8,10H2,1-2H3/t14-,15-,16-,17-,18-,19-/m0/s1",[H][C@@]12CC[C@H](O)[C@@]1(C)CC[C@@]1([H])[C@@]2([H])CCC2=CC(=O)C=C[C@]12C,C19H26O2,C14502,,13308,46505583,34584,CHEMBL209073,,12744,91719
DB01542,Allylprodine,25384-17-2,experimental; illicit,KGYFOSCXVAXULR-UHFFFAOYSA-N,"InChI=1S/C18H25NO2/c1-4-9-16-14-19(3)13-12-18(16,21-17(20)5-2)15-10-7-6-8-11-15/h4,6-8,10-11,16H,1,5,9,12-14H2,2-3H3",CCC(=O)OC1(CCN(C)CC1CC=C)C1=CC=CC=C1,C18H25NO2,,,32938,46505931,,CHEMBL2103995,,30495,
DB01543,18-methyl-19-nortestosterone,,experimental; illicit,FBYZQDCRLYHHHP-ZOFHRBRSSA-N,"InChI=1S/C19H28O2/c1-2-19-10-9-15-14-6-4-13(20)11-12(14)3-5-16(15)17(19)7-8-18(19)21/h11,14-18,21H,2-10H2,1H3/t14-,15+,16+,17-,18-,19-/m0/s1",CC[C@]12CC[C@H]3[C@@H](CCC4=CC(=O)CC[C@H]34)[C@@H]1CC[C@@H]2O,C19H28O2,,,10039774,46507237,,,,8215338,
DB01544,Flunitrazepam,1622-62-4,approved; illicit,PPTYJKAXVCCBDU-UHFFFAOYSA-N,"InChI=1S/C16H12FN3O3/c1-19-14-7-6-10(20(22)23)8-12(14)16(18-9-15(19)21)11-4-2-3-5-13(11)17/h2-8H,9H2,1H3",CN1C2=C(C=C(C=C2)[N+]([O-])=O)C(=NCC1=O)C1=CC=CC=C1F,C16H12FN3O3,,D01230,3380,46504553,31622,CHEMBL13280,,3263,25878
DB01545,Ethyl loflazepate,29177-84-2,approved; illicit,CUCHJCMWNFEYOM-UHFFFAOYSA-N,"InChI=1S/C18H14ClFN2O3/c1-2-25-18(24)16-17(23)21-14-8-7-10(19)9-12(14)15(22-16)11-5-3-4-6-13(11)20/h3-9,16H,2H2,1H3,(H,21,23)",CCOC(=O)C1N=C(C2=CC=CC=C2F)C2=C(NC1=O)C=CC(Cl)=C2,C18H14ClFN2O3,,D01293,3299,46507486,31573,CHEMBL1213460,,3183,
DB01546,Etryptamine,2235-90-7,illicit; investigational; withdrawn,ZXUMUPVQYAFTLF-UHFFFAOYSA-N,"InChI=1S/C12H16N2/c1-2-10(13)7-9-8-14-12-6-4-3-5-11(9)12/h3-6,8,10,14H,2,7,13H2,1H3",CCC(N)CC1=CNC2=CC=CC=C12,C12H16N2,C06213,D04092,8367,46507084,134838,CHEMBL1619758,,8064,
DB01547,Drotebanol,3176-03-2,experimental; illicit,LCAHPIFLPICNRW-SVYNMNNPSA-N,"InChI=1S/C19H27NO4/c1-20-9-8-18-11-13(21)6-7-19(18,22)15(20)10-12-4-5-14(23-2)17(24-3)16(12)18/h4-5,13,15,21-22H,6-11H2,1-3H3/t13-,15-,18-,19-/m1/s1",[H][C@]12CC3=C(C(OC)=C(OC)C=C3)[C@@]3(CCN1C)C[C@H](O)CC[C@@]23O,C19H27NO4,,D01496,6916258,46508971,31951,,,16736125,
DB01548,Diprenorphine,14357-78-9,illicit; vet_approved,OIJXLIIMXHRJJH-KNLIIKEYSA-N,"InChI=1S/C26H35NO4/c1-23(2,29)18-13-24-8-9-26(18,30-3)22-25(24)10-11-27(14-15-4-5-15)19(24)12-16-6-7-17(28)21(31-22)20(16)25/h6-7,15,18-19,22,28-29H,4-5,8-14H2,1-3H3/t18-,19-,22-,24-,25+,26-/m1/s1",[H][C@@]12OC3=C(O)C=CC4=C3[C@@]11CCN(CC3CC3)[C@]([H])(C4)[C@]11CC[C@@]2(OC)[C@H](C1)C(C)(C)O,C26H35NO4,C11794,,443408,46506559,4650,CHEMBL281786,,391634,50001714
DB01549,Rolicyclidine,2201-39-0,experimental; illicit,FYOWWXMGDATDQY-UHFFFAOYSA-N,"InChI=1S/C16H23N/c1-3-9-15(10-4-1)16(11-5-2-6-12-16)17-13-7-8-14-17/h1,3-4,9-10H,2,5-8,11-14H2",C1CCN(C1)C1(CCCCC1)C1=CC=CC=C1,C16H23N,,,62436,46507433,60805,CHEMBL1719398,,56218,
DB01550,Fenproporex,16397-28-7,approved; illicit; withdrawn,IQUFSXIQAFPIMR-UHFFFAOYSA-N,"InChI=1S/C12H16N2/c1-11(14-9-5-8-13)10-12-6-3-2-4-7-12/h2-4,6-7,11,14H,5,9-10H2,1H3",CC(CC1=CC=CC=C1)NCCC#N,C12H16N2,,D07947,61810,46508336,134837,CHEMBL2105566,,55690,
DB01551,Dihydrocodeine,125-28-0,approved; illicit,RBOXVHNMENFORY-DNJOTXNNSA-N,"InChI=1S/C18H23NO3/c1-19-8-7-18-11-4-5-13(20)17(18)22-16-14(21-2)6-3-10(15(16)18)9-12(11)19/h3,6,11-13,17,20H,4-5,7-9H2,1-2H3/t11-,12+,13-,17-,18-/m0/s1",[H][C@@]12OC3=C(OC)C=CC4=C3[C@@]11CCN(C)[C@]([H])(C4)[C@]1([H])CC[C@@H]2O,C18H23NO3,,D01481,5284543,46506478,135276,CHEMBL1595,,4447600,
DB01552,Betameprodine,468-50-8,experimental; illicit,ODEGQXRCQDVXSJ-RHSMWYFYSA-N,"InChI=1S/C17H25NO2/c1-4-14-13-18(3)12-11-17(14,20-16(19)5-2)15-9-7-6-8-10-15/h6-10,14H,4-5,11-13H2,1-3H3/t14-,17-/m1/s1",CC[C@@H]1CN(C)CC[C@]1(OC(=O)CC)C1=CC=CC=C1,C17H25NO2,,,12218309,46505637,,CHEMBL2104168,,28293685,
DB01554,Bolandiol,19793-20-5,experimental; illicit,CMXKUJNZWYTFJN-XFUVECHXSA-N,"InChI=1S/C18H28O2/c1-18-9-8-14-13-5-3-12(19)10-11(13)2-4-15(14)16(18)6-7-17(18)20/h10,12-17,19-20H,2-9H2,1H3/t12-,13-,14+,15+,16-,17-,18-/m0/s1",C[C@]12CC[C@H]3[C@@H](CCC4=C[C@@H](O)CC[C@H]34)[C@@H]1CC[C@@H]2O,C18H28O2,,,9835303,46505759,,CHEMBL307500,,8011024,
DB01555,Alphacetylmethadol,17199-58-5,experimental; illicit,XBMIVRRWGCYBTQ-XMSQKQJNSA-N,"InChI=1S/C23H31NO2/c1-6-22(26-19(3)25)23(17-18(2)24(4)5,20-13-9-7-10-14-20)21-15-11-8-12-16-21/h7-16,18,22H,6,17H2,1-5H3/t18-,22-/m1/s1",CC[C@@H](OC(C)=O)C(C[C@@H](C)N(C)C)(C1=CC=CC=C1)C1=CC=CC=C1,C23H31NO2,,,22308,46505975,,CHEMBL2107793,,20937,
DB01556,Chlorphentermine,461-78-9,illicit; withdrawn,ZCKAMNXUHHNZLN-UHFFFAOYSA-N,"InChI=1S/C10H14ClN/c1-10(2,12)7-8-3-5-9(11)6-4-8/h3-6H,7,12H2,1-2H3",CC(C)(N)CC1=CC=C(Cl)C=C1,C10H14ClN,C07559,,10007,46505599,3646,CHEMBL1201269,,9613,85704
DB01557,α-Methylfentanyl,79704-88-4,illicit,NGTVDHYUFBKWID-UHFFFAOYSA-N,"InChI=1S/C23H30N2O/c1-3-23(26)25(21-12-8-5-9-13-21)22-14-16-24(17-15-22)19(2)18-20-10-6-4-7-11-20/h4-13,19,22H,3,14-18H2,1-2H3",CCC(=O)N(C1CCN(CC1)C(C)CC1=CC=CC=C1)C1=CC=CC=C1,C23H30N2O,,,62281,46507153,,CHEMBL2022411,,56081,
DB01558,Bromazepam,1812-30-2,approved; illicit; investigational,VMIYHDSEFNYJSL-UHFFFAOYSA-N,"InChI=1S/C14H10BrN3O/c15-9-4-5-11-10(7-9)14(17-8-13(19)18-11)12-3-1-2-6-16-12/h1-7H,8H2,(H,18,19)",BrC1=CC2=C(NC(=O)CN=C2C2=CC=CC=N2)C=C1,C14H10BrN3O,,D01245,2441,46505694,31302,CHEMBL277062,,2347,
DB01559,Clotiazepam,33671-46-4,approved; illicit,CHBRHODLKOZEPZ-UHFFFAOYSA-N,"InChI=1S/C16H15ClN2OS/c1-3-10-8-12-15(11-6-4-5-7-13(11)17)18-9-14(20)19(2)16(12)21-10/h4-8H,3,9H2,1-2H3",CCC1=CC2=C(S1)N(C)C(=O)CN=C2C1=CC=CC=C1Cl,C16H15ClN2OS,,,2811,46508776,31425,CHEMBL1697737,,2709,
DB01560,Cathinone,71031-15-7,illicit,PUAQLLVFLMYYJJ-ZETCQYMHSA-N,"InChI=1S/C9H11NO/c1-7(10)9(11)8-5-3-2-4-6-8/h2-7H,10H2,1H3/t7-/m0/s1",C[C@H](N)C(=O)C1=CC=CC=C1,C9H11NO,C08301,,62258,46508478,4110,CHEMBL2104047,,56062,
DB01561,Androstanedione,846-46-8,experimental; illicit,RAJWOBJTTGJROA-WZNAKSSCSA-N,"InChI=1S/C19H28O2/c1-18-9-7-13(20)11-12(18)3-4-14-15-5-6-17(21)19(15,2)10-8-16(14)18/h12,14-16H,3-11H2,1-2H3/t12-,14-,15-,16-,18-,19-/m0/s1",[H][C@@]12CCC(=O)[C@@]1(C)CC[C@@]1([H])[C@@]2([H])CC[C@@]2([H])CC(=O)CC[C@]12C,C19H28O2,C00674,,222865,46508701,15994,CHEMBL1230438,5SD,193520,50025405
DB01562,1-(2-Phenylethyl)-4-phenyl-4-acetoxypiperidine,64-52-8,experimental; illicit,BVURVTVDNWSNFN-UHFFFAOYSA-N,"InChI=1S/C21H25NO2/c1-18(23)24-21(20-10-6-3-7-11-20)13-16-22(17-14-21)15-12-19-8-4-2-5-9-19/h2-11H,12-17H2,1H3",CC(=O)OC1(CCN(CCC2=CC=CC=C2)CC1)C1=CC=CC=C1,C21H25NO2,,,60977,46505389,,CHEMBL2361014,,54939,
DB01563,Chloral hydrate,302-17-0,approved; illicit; investigational; vet_approved,RNFNDJAIBTYOQL-UHFFFAOYSA-N,"InChI=1S/C2H3Cl3O2/c3-2(4,5)1(6)7/h1,6-7H",OC(O)C(Cl)(Cl)Cl,C2H3Cl3O2,C06899,D00265,2707,46507155,28142,CHEMBL455917,,2606,
DB01564,Calusterone,17021-26-0,experimental; illicit,IVFYLRMMHVYGJH-PVPPCFLZSA-N,"InChI=1S/C21H32O2/c1-13-11-14-12-15(22)5-8-19(14,2)16-6-9-20(3)17(18(13)16)7-10-21(20,4)23/h12-13,16-18,23H,5-11H2,1-4H3/t13-,16-,17-,18+,19-,20-,21-/m0/s1",[H][C@@]12CC[C@](C)(O)[C@@]1(C)CC[C@@]1([H])[C@@]2([H])[C@@H](C)CC2=CC(=O)CC[C@]12C,C21H32O2,,,28204,46507441,135356,CHEMBL455706,,26239,
DB01565,Dihydromorphine,509-60-4,experimental; illicit,IJVCSMSMFSCRME-KBQPJGBKSA-N,"InChI=1S/C17H21NO3/c1-18-7-6-17-10-3-5-13(20)16(17)21-15-12(19)4-2-9(14(15)17)8-11(10)18/h2,4,10-11,13,16,19-20H,3,5-8H2,1H3/t10-,11+,13-,16-,17-/m0/s1",[H][C@@]12OC3=C(O)C=CC4=C3[C@@]11CCN(C)[C@]([H])(C4)[C@]1([H])CC[C@@H]2O,C17H21NO3,C11782,,5359421,46506587,4575,CHEMBL1500,,4514282,50452273
DB01566,Methylenedioxyethamphetamine,82801-81-8,experimental; illicit,PVXVWWANJIWJOO-UHFFFAOYSA-N,"InChI=1S/C12H17NO2/c1-3-13-9(2)6-10-4-5-11-12(7-10)15-8-14-11/h4-5,7,9,13H,3,6,8H2,1-2H3",CCNC(C)CC1=CC2=C(OCO2)C=C1,C12H17NO2,,,105039,46508229,132234,CHEMBL126279,,94775,
DB01567,Fludiazepam,3900-31-0,approved; illicit,ROYOYTLGDLIGBX-UHFFFAOYSA-N,"InChI=1S/C16H12ClFN2O/c1-20-14-7-6-10(17)8-12(14)16(19-9-15(20)21)11-4-2-3-5-13(11)18/h2-8H,9H2,1H3",CN1C2=C(C=C(Cl)C=C2)C(=NCC1=O)C1=CC=CC=C1F,C16H12ClFN2O,,D01354,3369,46507563,31618,CHEMBL13291,,3252,
DB01568,Codeine-N-oxide,3688-65-1,experimental; illicit,BDLSDHWCOJPHIE-KFUGMXNISA-N,"InChI=1S/C18H21NO4/c1-19(21)8-7-18-11-4-5-13(20)17(18)23-16-14(22-2)6-3-10(15(16)18)9-12(11)19/h3-6,11-13,17,20H,7-9H2,1-2H3/t11-,12+,13-,17-,18-,19-/m0/s1",[H][C@@]12OC3=C(OC)C=CC4=C3[C@@]11CC[N@+](C)([O-])[C@]([H])(C4)[C@]1([H])C=C[C@@H]2O,C18H21NO4,,,5359929,46504794,,,,4514400,
DB01569,Formebolone,2454-11-7,experimental; illicit,AMVODTGMYSRMNP-GNIMZFFESA-N,"InChI=1S/C21H28O4/c1-19-9-12(11-22)16(23)8-13(19)4-5-14-15-6-7-21(3,25)20(15,2)10-17(24)18(14)19/h8-9,11,14-15,17-18,24-25H,4-7,10H2,1-3H3/t14-,15-,17+,18+,19-,20-,21-/m0/s1",[H][C@@]12CC[C@](C)(O)[C@@]1(C)C[C@@H](O)[C@@]1([H])[C@@]2([H])CCC2=CC(=O)C(C=O)=C[C@]12C,C21H28O4,,,17150,46508967,135456,CHEMBL2107419,,16234,
DB01570,Ohmefentanyl,78995-14-9,illicit,FRPRNNRJTCONEC-UHFFFAOYSA-N,"InChI=1S/C23H30N2O2/c1-3-23(27)25(20-12-8-5-9-13-20)21-14-15-24(16-18(21)2)17-22(26)19-10-6-4-7-11-19/h4-13,18,21-22,26H,3,14-17H2,1-2H3",CCC(=O)N(C1CCN(CC(O)C2=CC=CC=C2)CC1C)C1=CC=CC=C1,C23H30N2O2,,,62279,46507925,,CHEMBL333410,,56080,50033531
DB01571,3-Methylfentanyl,42045-86-3,illicit,MLQRZXNZHAOCHQ-UHFFFAOYSA-N,"InChI=1S/C23H30N2O/c1-3-23(26)25(21-12-8-5-9-13-21)22-15-17-24(18-19(22)2)16-14-20-10-6-4-7-11-20/h4-13,19,22H,3,14-18H2,1-2H3",CCC(=O)N(C1CCN(CCC2=CC=CC=C2)CC1C)C1=CC=CC=C1,C23H30N2O,,,61996,46509149,61092,,,55844,
DB01572,Methyl-1-testosterone,65-04-3,experimental; illicit,JRNSSSJKIGAFCT-YDSAWKJFSA-N,"InChI=1S/C20H30O2/c1-18-9-6-14(21)12-13(18)4-5-15-16(18)7-10-19(2)17(15)8-11-20(19,3)22/h6,9,13,15-17,22H,4-5,7-8,10-12H2,1-3H3/t13-,15+,16-,17-,18-,19-,20-/m0/s1",[H][C@@]12CC[C@](C)(O)[C@@]1(C)CC[C@@]1([H])[C@@]2([H])CC[C@@]2([H])CC(=O)C=C[C@]12C,C20H30O2,,,,46506576,,,,5442174,
DB01573,Benzylmorphine,14297-87-1,experimental; illicit,RDJGWRFTDZZXSM-RNWLQCGYSA-N,"InChI=1S/C24H25NO3/c1-25-12-11-24-17-8-9-19(26)23(24)28-22-20(27-14-15-5-3-2-4-6-15)10-7-16(21(22)24)13-18(17)25/h2-10,17-19,23,26H,11-14H2,1H3/t17-,18+,19-,23-,24-/m0/s1",[H][C@@]12OC3=C(OCC4=CC=CC=C4)C=CC4=C3[C@@]11CCN(C)[C@]([H])(C4)[C@]1([H])C=C[C@@H]2O,C24H25NO3,,,5362507,46504682,,,,4515062,
DB01576,Dextroamphetamine,51-64-9,approved; illicit,KWTSXDURSIMDCE-QMMMGPOBSA-N,"InChI=1S/C9H13N/c1-8(10)7-9-5-3-2-4-6-9/h2-6,8H,7,10H2,1H3/t8-/m0/s1",C[C@H](N)CC1=CC=CC=C1,C9H13N,C07884,D03740,5826,46506252,4469,CHEMBL612,1WE,5621,50022723
DB01577,Methamphetamine,537-46-2,approved; illicit,MYWUZJCMWCOHBA-VIFPVBQESA-N,"InChI=1S/C10H15N/c1-9(11-2)8-10-6-4-3-5-7-10/h3-7,9,11H,8H2,1-2H3/t9-/m0/s1",CN[C@@H](C)CC1=CC=CC=C1,C10H15N,C07164,,10836,46508541,6809,CHEMBL1201201,B40,10379,50359499
DB01579,Phendimetrazine,634-03-7,approved; illicit,MFOCDFTXLCYLKU-CMPLNLGQSA-N,"InChI=1S/C12H17NO/c1-10-12(14-9-8-13(10)2)11-6-4-3-5-7-11/h3-7,10,12H,8-9H2,1-2H3/t10-,12+/m0/s1",C[C@H]1[C@@H](OCCN1C)C1=CC=CC=C1,C12H17NO,C07904,D08347,30487,46506122,8059,CHEMBL1744,,28295,
DB01588,Prazepam,2955-38-6,approved; illicit,MWQCHHACWWAQLJ-UHFFFAOYSA-N,"InChI=1S/C19H17ClN2O/c20-15-8-9-17-16(10-15)19(14-4-2-1-3-5-14)21-11-18(23)22(17)12-13-6-7-13/h1-5,8-10,13H,6-7,11-12H2",ClC1=CC2=C(C=C1)N(CC1CC1)C(=O)CN=C2C1=CC=CC=C1,C19H17ClN2O,C07366,D00470,4890,46505417,8362,CHEMBL969,,4721,
DB01589,Quazepam,36735-22-5,approved; illicit,IKMPWMZBZSAONZ-UHFFFAOYSA-N,"InChI=1S/C17H11ClF4N2S/c18-10-5-6-14-12(7-10)16(11-3-1-2-4-13(11)19)23-8-15(25)24(14)9-17(20,21)22/h1-7H,8-9H2",FC1=CC=CC=C1C1=NCC(=S)N(CC(F)(F)F)C2=C1C=C(Cl)C=C2,C17H11ClF4N2S,C07336,D00457,4999,46505952,8694,CHEMBL1200472,,4825,
DB02901,Stanolone,521-18-6,illicit; investigational,NVKAWKQGWWIWPM-ABEVXSGRSA-N,"InChI=1S/C19H30O2/c1-18-9-7-13(20)11-12(18)3-4-14-15-5-6-17(21)19(15,2)10-8-16(14)18/h12,14-17,21H,3-11H2,1-2H3/t12-,14-,15-,16-,17-,18-,19-/m0/s1",[H][C@@]12CC[C@H](O)[C@@]1(C)CC[C@@]1([H])[C@@]2([H])CC[C@@]2([H])CC(=O)CC[C@]12C,C19H30O2,C03917,D07456,10635,46506828,16330,CHEMBL27769,DHT,10189,18161
DB03575,Phencyclidine,77-10-1,illicit,JTJMJGYZQZDUJJ-UHFFFAOYSA-N,"InChI=1S/C17H25N/c1-4-10-16(11-5-1)17(12-6-2-7-13-17)18-14-8-3-9-15-18/h1,4-5,10-11H,2-3,6-9,12-15H2",C1CCN(CC1)C1(CCCCC1)C1=CC=CC=C1,C17H25N,C07575,,6468,46508889,8058,CHEMBL275528,1PC,6224,83449
DB04829,Lysergic Acid Diethylamide,50-37-3,illicit; investigational; withdrawn,VAYOSLLFUXYJDT-RDTXWAMCSA-N,"InChI=1S/C20H25N3O/c1-4-23(5-2)20(24)14-9-16-15-7-6-8-17-19(15)13(11-21-17)10-18(16)22(3)12-14/h6-9,11,14,18,21H,4-5,10,12H2,1-3H3/t14-,18-/m1/s1",[H][C@@]12CC3=CNC4=CC=CC(=C34)C1=C[C@H](CN2C)C(=O)N(CC)CC,C20H25N3O,C07542,,5761,46506397,6605,CHEMBL263881,7LD,5558,50241702
DB04833,Methaqualone,72-44-6,illicit; withdrawn,JEYCTXHKTXCGPB-UHFFFAOYSA-N,"InChI=1S/C16H14N2O/c1-11-7-3-6-10-15(11)18-12(2)17-14-9-5-4-8-13(14)16(18)19/h3-10H,1-2H3",CC1=CC=CC=C1N1C(C)=NC2=CC=CC=C2C1=O,C16H14N2O,C07560,D00557,6292,46507178,6821,CHEMBL282052,,6055,50089081
DB04836,Amineptine,57574-09-1,illicit; withdrawn,VDPUXONTAVMIKZ-UHFFFAOYSA-N,"InChI=1S/C22H27NO2.ClH/c24-21(25)13-3-1-2-8-16-23-22-19-11-6-4-9-17(19)14-15-18-10-5-7-12-20(18)22;/h4-7,9-12,22-23H,1-3,8,13-16H2,(H,24,25);1H",[Cl-].OC(=O)CCCCCC[NH2+]C1C2=CC=CC=C2CCC2=CC=CC=C12,C22H28ClNO2,,,34869,46509012,50003,CHEMBL1697712,,32090,
DB05047,CX717,"",illicit; investigational,,,,,,,,347909912,,,,,
DB06412,Oxymetholone,434-07-1,approved; illicit,ICMWWNHDUZJFDW-DHODBPELSA-N,"InChI=1S/C21H32O3/c1-19-11-13(12-22)18(23)10-14(19)4-5-15-16(19)6-8-20(2)17(15)7-9-21(20,3)24/h12,14-17,22,24H,4-11H2,1-3H3/b13-12-/t14-,15+,16-,17-,19-,20-,21-/m0/s1",[H][C@@]12CC[C@](C)(O)[C@@]1(C)CC[C@@]1([H])[C@@]2([H])CC[C@@]2([H])CC(=O)\C(C[C@]12C)=C/O,C21H32O3,C07393,D00490,5281034,310264869,7864,CHEMBL1200585,,4444502,
DB06716,Fospropofol,258516-89-1,approved; illicit; investigational,QVNNONOFASOXQV-UHFFFAOYSA-N,"InChI=1S/C13H21O5P/c1-9(2)11-6-5-7-12(10(3)4)13(11)17-8-18-19(14,15)16/h5-7,9-10H,8H2,1-4H3,(H2,14,15,16)",CC(C)C1=CC=CC(C(C)C)=C1OCOP(O)(O)=O,C13H21O5P,,D04257,3038498,99443268,135193,CHEMBL1201766,,2302062,
DB08804,Nandrolone decanoate,360-70-3,approved; illicit,JKWKMORAXJQQSR-MOPIKTETSA-N,"InChI=1S/C28H44O3/c1-3-4-5-6-7-8-9-10-27(30)31-26-16-15-25-24-13-11-20-19-21(29)12-14-22(20)23(24)17-18-28(25,26)2/h19,22-26H,3-18H2,1-2H3/t22-,23+,24+,25-,26-,28-/m0/s1",CCCCCCCCCC(=O)O[C@H]1CC[C@H]2[C@@H]3CCC4=CC(=O)CC[C@@H]4[C@H]3CC[C@]12C,C28H44O3,C08154,D00955,9677,99445274,7467,CHEMBL1200946,,9296,
DB09168,4-Phenylfentanyl,"",illicit,BXCJXJLHYMWMQU-UHFFFAOYSA-N,"InChI=1S/C28H32N2O/c1-2-27(31)30(26-16-10-5-11-17-26)28(25-14-8-4-9-15-25)19-22-29(23-20-28)21-18-24-12-6-3-7-13-24/h3-17H,2,18-23H2,1H3",CCC(=O)N(C1=CC=CC=C1)C1(CCN(CCC2=CC=CC=C2)CC1)C1=CC=CC=C1,C28H32N2O,,,10319503,310265077,,CHEMBL312948,,8494967,
DB09169,3-Allylfentanyl,82208-84-2,illicit,BZXKQFFMDLTPJL-LADGPHEKSA-N,"InChI=1S/C25H32N2O/c1-3-11-22-20-26(18-16-21-12-7-5-8-13-21)19-17-24(22)27(25(28)4-2)23-14-9-6-10-15-23/h3,5-10,12-15,22,24H,1,4,11,16-20H2,2H3/t22-,24+/m0/s1",CCC(=O)N([C@@H]1CCN(CCC2=CC=CC=C2)C[C@@H]1CC=C)C1=CC=CC=C1,C25H32N2O,,,133866,310265078,,,,118047,
DB09170,β-Hydroxythiofentanyl,1474-34-6,illicit,GLAAETOTOUGGSB-UHFFFAOYSA-N,"InChI=1S/C20H26N2O2S/c1-2-20(24)22(16-7-4-3-5-8-16)17-10-12-21(13-11-17)15-18(23)19-9-6-14-25-19/h3-9,14,17-18,23H,2,10-13,15H2,1H3",CCC(=O)N(C1CCN(CC(O)C2=CC=CS2)CC1)C1=CC=CC=C1,C20H26N2O2S,,,117072582,310265079,,,,21106268,
DB09171,β-Methylfentanyl,79146-56-8,illicit,UXIGUKSHASXDNI-UHFFFAOYSA-N,"InChI=1S/C23H30N2O/c1-3-23(26)25(21-12-8-5-9-13-21)22-14-16-24(17-15-22)18-19(2)20-10-6-4-7-11-20/h4-13,19,22H,3,14-18H2,1-2H3",CCC(=O)N(C1CCN(CC(C)C2=CC=CC=C2)CC1)C1=CC=CC=C1,C23H30N2O,,,6425761,310265080,,,,4931228,
DB09172,Brifentanil,101345-71-5,illicit,KKMGCTVJCQYQPV-WBVHZDCISA-N,"InChI=1S/C20H29FN6O3/c1-4-25-20(29)26(23-22-25)12-11-24-10-9-17(15(2)13-24)27(19(28)14-30-3)18-8-6-5-7-16(18)21/h5-8,15,17H,4,9-14H2,1-3H3/t15-,17+/m1/s1",CCN1N=NN(CCN2CC[C@@H]([C@H](C)C2)N(C(=O)COC)C2=CC=CC=C2F)C1=O,C20H29FN6O3,,,60672,310265081,,,,54682,
DB09173,Butyrfentanyl,1169-70-6,illicit,QQOMYEQLWQJRKK-UHFFFAOYSA-N,"InChI=1S/C23H30N2O/c1-2-9-23(26)25(21-12-7-4-8-13-21)22-15-18-24(19-16-22)17-14-20-10-5-3-6-11-20/h3-8,10-13,22H,2,9,14-19H2,1H3",CCCC(=O)N(C1CCN(CCC2=CC=CC=C2)CC1)C1=CC=CC=C1,C23H30N2O,,,621174,310265082,,,,539764,
DB09174,Lofentanil,61380-40-3,illicit,IMYHGORQCPYVBZ-NLFFAJNJSA-N,"InChI=1S/C25H32N2O3/c1-4-23(28)27(22-13-9-6-10-14-22)25(24(29)30-3)16-18-26(19-20(25)2)17-15-21-11-7-5-8-12-21/h5-14,20H,4,15-19H2,1-3H3/t20-,25+/m1/s1",CCC(=O)N(C1=CC=CC=C1)[C@]1(CCN(CCC2=CC=CC=C2)C[C@H]1C)C(=O)OC,C25H32N2O3,,,10070040,310265083,,CHEMBL28198,,8245580,50027473
DB09177,p-Fluorofentanyl,90736-23-5,illicit,KXUBAVLIJFTASZ-UHFFFAOYSA-N,"InChI=1S/C22H27FN2O/c1-2-22(26)25(20-10-8-19(23)9-11-20)21-13-16-24(17-14-21)15-12-18-6-4-3-5-7-18/h3-11,21H,2,12-17H2,1H3",CCC(=O)N(C1CCN(CCC2=CC=CC=C2)CC1)C1=CC=C(F)C=C1,C22H27FN2O,,,62300,310265085,61074,CHEMBL2355317,,56096,
DB09178,Phenaridine,42045-97-6,illicit,ODPKHHGQKIYCTJ-UHFFFAOYSA-N,"InChI=1S/C24H32N2O/c1-4-24(27)26(22-13-9-6-10-14-22)23-17-20(3)25(18-19(23)2)16-15-21-11-7-5-8-12-21/h5-14,19-20,23H,4,15-18H2,1-3H3",CCC(=O)N(C1CC(C)N(CCC2=CC=CC=C2)CC1C)C1=CC=CC=C1,C24H32N2O,,,162056,310265086,,,,142327,
DB09180,Thienylfentanyl,1165-22-6,illicit,YMRFZDHYDKZXPA-UHFFFAOYSA-N,"InChI=1S/C20H26N2OS/c1-2-20(23)22(17-7-4-3-5-8-17)18-10-13-21(14-11-18)15-12-19-9-6-16-24-19/h3-9,16,18H,2,10-15H2,1H3",CCC(=O)N(C1CCN(CCC2=CC=CS2)CC1)C1=CC=CC=C1,C20H26N2OS,,,62380,310265088,61099,CHEMBL1997223,,56168,
DB09182,Benzylfentanyl,1474-02-8,illicit,POQDXIFVWVZVML-UHFFFAOYSA-N,"InChI=1S/C21H26N2O/c1-2-21(24)23(19-11-7-4-8-12-19)20-13-15-22(16-14-20)17-18-9-5-3-6-10-18/h3-12,20H,2,13-17H2,1H3",CCC(=O)N(C1CCN(CC2=CC=CC=C2)CC1)C1=CC=CC=C1,C21H26N2O,,,252141,310265090,,CHEMBL172155,,220920,
DB09209,Pholcodine,509-67-1,approved; illicit,GPFAJKDEDBRFOS-FKQDBXSBSA-N,"InChI=1S/C23H30N2O4/c1-24-7-6-23-16-3-4-18(26)22(23)29-21-19(5-2-15(20(21)23)14-17(16)24)28-13-10-25-8-11-27-12-9-25/h2-5,16-18,22,26H,6-14H2,1H3/t16-,17+,18-,22-,23-/m0/s1",[H][C@@]12OC3=C(OCCN4CCOCC4)C=CC4=C3[C@@]11CCN(C)[C@]([H])(C4)[C@]1([H])C=C[C@@H]2O,C23H30N2O4,,D07385,5311356,310265116,53579,CHEMBL2105224,,4470854,
DB11130,Opium,8008-60-4,approved; illicit,,,,,,,,347911129,,,,,
DB11609,Normethadone,467-85-6,approved; illicit,WCJFBSYALHQBSK-UHFFFAOYSA-N,"InChI=1S/C20H25NO/c1-4-19(22)20(15-16-21(2)3,17-11-7-5-8-12-17)18-13-9-6-10-14-18/h5-14H,4,15-16H2,1-3H3",CCC(=O)C(CCN(C)C)(C1=CC=CC=C1)C1=CC=CC=C1,C20H25NO,,D07384,10090,347828004,135242,CHEMBL346331,,9687,
DB13160,Alphaprodine,77-20-3,illicit,UVAZQQHAVMNMHE-CJNGLKHVSA-N,"InChI=1S/C16H23NO2/c1-4-15(18)19-16(14-8-6-5-7-9-14)10-11-17(3)12-13(16)2/h5-9,13H,4,10-12H2,1-3H3/t13-,16+/m1/s1",CCC(=O)O[C@]1(CCN(C)C[C@H]1C)C1=CC=CC=C1,C16H23NO2,,,204163,347829269,,CHEMBL14309,,176845,
